start_date,end_date,reported_date,country,indicator,adj_value_unemp,adj_rate,unadj_value,unadj_rate,frequency,currency,author
1/1/1948,1/31/1948,NULL,USA,unemp,2034,3.4,2351,4,monthly,USD,kshah5@scu.edu
2/1/1948,2/28/1948,NULL,USA,unemp,2328,3.8,2807,4.7,monthly,USD,kshah5@scu.edu
3/1/1948,3/31/1948,NULL,USA,unemp,2399,4,2646,4.5,monthly,USD,kshah5@scu.edu
4/1/1948,4/30/1948,NULL,USA,unemp,2386,3.9,2407,4,monthly,USD,kshah5@scu.edu
5/1/1948,5/31/1948,NULL,USA,unemp,2118,3.5,2014,3.4,monthly,USD,kshah5@scu.edu
6/1/1948,6/30/1948,NULL,USA,unemp,2214,3.6,2408,3.9,monthly,USD,kshah5@scu.edu
7/1/1948,7/31/1948,NULL,USA,unemp,2213,3.6,2411,3.9,monthly,USD,kshah5@scu.edu
8/1/1948,8/31/1948,NULL,USA,unemp,2350,3.9,2238,3.6,monthly,USD,kshah5@scu.edu
9/1/1948,9/30/1948,NULL,USA,unemp,2302,3.8,2061,3.4,monthly,USD,kshah5@scu.edu
10/1/1948,10/31/1948,NULL,USA,unemp,2259,3.7,1747,2.9,monthly,USD,kshah5@scu.edu
11/1/1948,11/30/1948,NULL,USA,unemp,2285,3.8,2033,3.3,monthly,USD,kshah5@scu.edu
12/1/1948,12/31/1948,NULL,USA,unemp,2429,4,2205,3.6,monthly,USD,kshah5@scu.edu
1/1/1949,1/31/1949,NULL,USA,unemp,2596,4.3,2995,5,monthly,USD,kshah5@scu.edu
2/1/1949,2/28/1949,NULL,USA,unemp,2849,4.7,3474,5.8,monthly,USD,kshah5@scu.edu
3/1/1949,3/31/1949,NULL,USA,unemp,3030,5,3383,5.6,monthly,USD,kshah5@scu.edu
4/1/1949,4/30/1949,NULL,USA,unemp,3260,5.3,3277,5.4,monthly,USD,kshah5@scu.edu
5/1/1949,5/31/1949,NULL,USA,unemp,3707,6.1,3516,5.7,monthly,USD,kshah5@scu.edu
6/1/1949,6/30/1949,NULL,USA,unemp,3776,6.2,3966,6.4,monthly,USD,kshah5@scu.edu
7/1/1949,7/31/1949,NULL,USA,unemp,4111,6.7,4388,7,monthly,USD,kshah5@scu.edu
8/1/1949,8/31/1949,NULL,USA,unemp,4193,6.8,3956,6.3,monthly,USD,kshah5@scu.edu
9/1/1949,9/30/1949,NULL,USA,unemp,4049,6.6,3635,5.9,monthly,USD,kshah5@scu.edu
10/1/1949,10/31/1949,NULL,USA,unemp,4916,7.9,3788,6.1,monthly,USD,kshah5@scu.edu
11/1/1949,11/30/1949,NULL,USA,unemp,3996,6.4,3570,5.7,monthly,USD,kshah5@scu.edu
12/1/1949,12/31/1949,NULL,USA,unemp,4063,6.6,3690,6,monthly,USD,kshah5@scu.edu
1/1/1950,1/31/1950,NULL,USA,unemp,4026,6.5,4648,7.6,monthly,USD,kshah5@scu.edu
2/1/1950,2/28/1950,NULL,USA,unemp,3936,6.4,4791,7.9,monthly,USD,kshah5@scu.edu
3/1/1950,3/31/1950,NULL,USA,unemp,3876,6.3,4313,7.1,monthly,USD,kshah5@scu.edu
4/1/1950,4/30/1950,NULL,USA,unemp,3575,5.8,3665,6,monthly,USD,kshah5@scu.edu
5/1/1950,5/31/1950,NULL,USA,unemp,3434,5.5,3263,5.3,monthly,USD,kshah5@scu.edu
6/1/1950,6/30/1950,NULL,USA,unemp,3367,5.4,3551,5.6,monthly,USD,kshah5@scu.edu
7/1/1950,7/31/1950,NULL,USA,unemp,3120,5,3316,5.3,monthly,USD,kshah5@scu.edu
8/1/1950,8/31/1950,NULL,USA,unemp,2799,4.5,2613,4.1,monthly,USD,kshah5@scu.edu
9/1/1950,9/30/1950,NULL,USA,unemp,2774,4.4,2490,4,monthly,USD,kshah5@scu.edu
10/1/1950,10/31/1950,NULL,USA,unemp,2625,4.2,2055,3.3,monthly,USD,kshah5@scu.edu
11/1/1950,11/30/1950,NULL,USA,unemp,2589,4.2,2356,3.8,monthly,USD,kshah5@scu.edu
12/1/1950,12/31/1950,NULL,USA,unemp,2639,4.3,2409,3.9,monthly,USD,kshah5@scu.edu
1/1/1951,1/31/1951,NULL,USA,unemp,2305,3.7,2649,4.4,monthly,USD,kshah5@scu.edu
2/1/1951,2/28/1951,NULL,USA,unemp,2117,3.4,2538,4.2,monthly,USD,kshah5@scu.edu
3/1/1951,3/31/1951,NULL,USA,unemp,2125,3.4,2323,3.8,monthly,USD,kshah5@scu.edu
4/1/1951,4/30/1951,NULL,USA,unemp,1919,3.1,1938,3.2,monthly,USD,kshah5@scu.edu
5/1/1951,5/31/1951,NULL,USA,unemp,1856,3,1770,2.9,monthly,USD,kshah5@scu.edu
6/1/1951,6/30/1951,NULL,USA,unemp,1995,3.2,2132,3.4,monthly,USD,kshah5@scu.edu
7/1/1951,7/31/1951,NULL,USA,unemp,1950,3.1,2072,3.3,monthly,USD,kshah5@scu.edu
8/1/1951,8/31/1951,NULL,USA,unemp,1933,3.1,1806,2.9,monthly,USD,kshah5@scu.edu
9/1/1951,9/30/1951,NULL,USA,unemp,2067,3.3,1886,3,monthly,USD,kshah5@scu.edu
10/1/1951,10/31/1951,NULL,USA,unemp,2194,3.5,1754,2.8,monthly,USD,kshah5@scu.edu
11/1/1951,11/30/1951,NULL,USA,unemp,2178,3.5,1990,3.2,monthly,USD,kshah5@scu.edu
12/1/1951,12/31/1951,NULL,USA,unemp,1960,3.1,1796,2.9,monthly,USD,kshah5@scu.edu
1/1/1952,1/31/1952,NULL,USA,unemp,1972,3.2,2258,3.7,monthly,USD,kshah5@scu.edu
2/1/1952,2/28/1952,NULL,USA,unemp,1957,3.1,2340,3.8,monthly,USD,kshah5@scu.edu
3/1/1952,3/31/1952,NULL,USA,unemp,1813,2.9,2002,3.3,monthly,USD,kshah5@scu.edu
4/1/1952,4/30/1952,NULL,USA,unemp,1811,2.9,1836,3,monthly,USD,kshah5@scu.edu
5/1/1952,5/31/1952,NULL,USA,unemp,1863,3,1782,2.9,monthly,USD,kshah5@scu.edu
6/1/1952,6/30/1952,NULL,USA,unemp,1884,3,2032,3.2,monthly,USD,kshah5@scu.edu
7/1/1952,7/31/1952,NULL,USA,unemp,1991,3.2,2085,3.3,monthly,USD,kshah5@scu.edu
8/1/1952,8/31/1952,NULL,USA,unemp,2087,3.4,1918,3.1,monthly,USD,kshah5@scu.edu
9/1/1952,9/30/1952,NULL,USA,unemp,1936,3.1,1728,2.7,monthly,USD,kshah5@scu.edu
10/1/1952,10/31/1952,NULL,USA,unemp,1839,3,1480,2.4,monthly,USD,kshah5@scu.edu
11/1/1952,11/30/1952,NULL,USA,unemp,1743,2.8,1594,2.5,monthly,USD,kshah5@scu.edu
12/1/1952,12/31/1952,NULL,USA,unemp,1667,2.7,1545,2.5,monthly,USD,kshah5@scu.edu
1/1/1953,1/31/1953,NULL,USA,unemp,1839,2.9,2132,3.4,monthly,USD,kshah5@scu.edu
2/1/1953,2/28/1953,NULL,USA,unemp,1636,2.6,1964,3.2,monthly,USD,kshah5@scu.edu
3/1/1953,3/31/1953,NULL,USA,unemp,1647,2.6,1828,2.9,monthly,USD,kshah5@scu.edu
4/1/1953,4/30/1953,NULL,USA,unemp,1723,2.7,1764,2.8,monthly,USD,kshah5@scu.edu
5/1/1953,5/31/1953,NULL,USA,unemp,1596,2.5,1536,2.5,monthly,USD,kshah5@scu.edu
6/1/1953,6/30/1953,NULL,USA,unemp,1607,2.5,1732,2.7,monthly,USD,kshah5@scu.edu
7/1/1953,7/31/1953,NULL,USA,unemp,1660,2.6,1710,2.7,monthly,USD,kshah5@scu.edu
8/1/1953,8/31/1953,NULL,USA,unemp,1665,2.7,1512,2.4,monthly,USD,kshah5@scu.edu
9/1/1953,9/30/1953,NULL,USA,unemp,1821,2.9,1619,2.6,monthly,USD,kshah5@scu.edu
10/1/1953,10/31/1953,NULL,USA,unemp,1974,3.1,1572,2.5,monthly,USD,kshah5@scu.edu
11/1/1953,11/30/1953,NULL,USA,unemp,2211,3.5,2017,3.2,monthly,USD,kshah5@scu.edu
12/1/1953,12/31/1953,NULL,USA,unemp,2818,4.5,2634,4.2,monthly,USD,kshah5@scu.edu
1/1/1954,1/31/1954,NULL,USA,unemp,3077,4.9,3561,5.7,monthly,USD,kshah5@scu.edu
2/1/1954,2/28/1954,NULL,USA,unemp,3331,5.2,3983,6.3,monthly,USD,kshah5@scu.edu
3/1/1954,3/31/1954,NULL,USA,unemp,3607,5.7,4037,6.4,monthly,USD,kshah5@scu.edu
4/1/1954,4/30/1954,NULL,USA,unemp,3749,5.9,3846,6.1,monthly,USD,kshah5@scu.edu
5/1/1954,5/31/1954,NULL,USA,unemp,3767,5.9,3658,5.7,monthly,USD,kshah5@scu.edu
6/1/1954,6/30/1954,NULL,USA,unemp,3551,5.6,3681,5.7,monthly,USD,kshah5@scu.edu
7/1/1954,7/31/1954,NULL,USA,unemp,3659,5.8,3679,5.7,monthly,USD,kshah5@scu.edu
8/1/1954,8/31/1954,NULL,USA,unemp,3854,6,3470,5.4,monthly,USD,kshah5@scu.edu
9/1/1954,9/30/1954,NULL,USA,unemp,3927,6.1,3433,5.3,monthly,USD,kshah5@scu.edu
10/1/1954,10/31/1954,NULL,USA,unemp,3666,5.7,2929,4.6,monthly,USD,kshah5@scu.edu
11/1/1954,11/30/1954,NULL,USA,unemp,3402,5.3,3115,4.9,monthly,USD,kshah5@scu.edu
12/1/1954,12/31/1954,NULL,USA,unemp,3196,5,3009,4.8,monthly,USD,kshah5@scu.edu
1/1/1955,1/31/1955,NULL,USA,unemp,3157,4.9,3669,5.8,monthly,USD,kshah5@scu.edu
2/1/1955,2/28/1955,NULL,USA,unemp,2969,4.7,3569,5.7,monthly,USD,kshah5@scu.edu
3/1/1955,3/31/1955,NULL,USA,unemp,2918,4.6,3297,5.2,monthly,USD,kshah5@scu.edu
4/1/1955,4/30/1955,NULL,USA,unemp,3049,4.7,3162,4.9,monthly,USD,kshah5@scu.edu
5/1/1955,5/31/1955,NULL,USA,unemp,2747,4.3,2690,4.2,monthly,USD,kshah5@scu.edu
6/1/1955,6/30/1955,NULL,USA,unemp,2701,4.2,2893,4.4,monthly,USD,kshah5@scu.edu
7/1/1955,7/31/1955,NULL,USA,unemp,2632,4,2662,4,monthly,USD,kshah5@scu.edu
8/1/1955,8/31/1955,NULL,USA,unemp,2784,4.2,2536,3.8,monthly,USD,kshah5@scu.edu
9/1/1955,9/30/1955,NULL,USA,unemp,2678,4.1,2338,3.5,monthly,USD,kshah5@scu.edu
10/1/1955,10/31/1955,NULL,USA,unemp,2830,4.3,2284,3.4,monthly,USD,kshah5@scu.edu
11/1/1955,11/30/1955,NULL,USA,unemp,2780,4.2,2536,3.8,monthly,USD,kshah5@scu.edu
12/1/1955,12/31/1955,NULL,USA,unemp,2761,4.2,2601,3.9,monthly,USD,kshah5@scu.edu
1/1/1956,1/31/1956,NULL,USA,unemp,2666,4,3066,4.7,monthly,USD,kshah5@scu.edu
2/1/1956,2/28/1956,NULL,USA,unemp,2606,3.9,3092,4.8,monthly,USD,kshah5@scu.edu
3/1/1956,3/31/1956,NULL,USA,unemp,2764,4.2,3095,4.7,monthly,USD,kshah5@scu.edu
4/1/1956,4/30/1956,NULL,USA,unemp,2650,4,2710,4.1,monthly,USD,kshah5@scu.edu
5/1/1956,5/31/1956,NULL,USA,unemp,2861,4.3,2799,4.2,monthly,USD,kshah5@scu.edu
6/1/1956,6/30/1956,NULL,USA,unemp,2882,4.3,3179,4.7,monthly,USD,kshah5@scu.edu
7/1/1956,7/31/1956,NULL,USA,unemp,2952,4.4,2984,4.4,monthly,USD,kshah5@scu.edu
8/1/1956,8/31/1956,NULL,USA,unemp,2701,4.1,2467,3.7,monthly,USD,kshah5@scu.edu
9/1/1956,9/30/1956,NULL,USA,unemp,2635,3.9,2273,3.4,monthly,USD,kshah5@scu.edu
10/1/1956,10/31/1956,NULL,USA,unemp,2571,3.9,2091,3.1,monthly,USD,kshah5@scu.edu
11/1/1956,11/30/1956,NULL,USA,unemp,2861,4.3,2599,3.9,monthly,USD,kshah5@scu.edu
12/1/1956,12/31/1956,NULL,USA,unemp,2790,4.2,2660,4,monthly,USD,kshah5@scu.edu
1/1/1957,1/31/1957,NULL,USA,unemp,2796,4.2,3206,4.9,monthly,USD,kshah5@scu.edu
2/1/1957,2/28/1957,NULL,USA,unemp,2622,3.9,3085,4.7,monthly,USD,kshah5@scu.edu
3/1/1957,3/31/1957,NULL,USA,unemp,2509,3.7,2822,4.3,monthly,USD,kshah5@scu.edu
4/1/1957,4/30/1957,NULL,USA,unemp,2600,3.9,2627,4,monthly,USD,kshah5@scu.edu
5/1/1957,5/31/1957,NULL,USA,unemp,2710,4.1,2635,3.9,monthly,USD,kshah5@scu.edu
6/1/1957,6/30/1957,NULL,USA,unemp,2856,4.3,3131,4.6,monthly,USD,kshah5@scu.edu
7/1/1957,7/31/1957,NULL,USA,unemp,2796,4.2,2843,4.1,monthly,USD,kshah5@scu.edu
8/1/1957,8/31/1957,NULL,USA,unemp,2747,4.1,2526,3.7,monthly,USD,kshah5@scu.edu
9/1/1957,9/30/1957,NULL,USA,unemp,2943,4.4,2503,3.7,monthly,USD,kshah5@scu.edu
10/1/1957,10/31/1957,NULL,USA,unemp,3020,4.5,2465,3.6,monthly,USD,kshah5@scu.edu
11/1/1957,11/30/1957,NULL,USA,unemp,3454,5.1,3127,4.6,monthly,USD,kshah5@scu.edu
12/1/1957,12/31/1957,NULL,USA,unemp,3476,5.2,3332,5,monthly,USD,kshah5@scu.edu
1/1/1958,1/31/1958,NULL,USA,unemp,3875,5.8,4464,6.8,monthly,USD,kshah5@scu.edu
2/1/1958,2/28/1958,NULL,USA,unemp,4303,6.4,5116,7.7,monthly,USD,kshah5@scu.edu
3/1/1958,3/31/1958,NULL,USA,unemp,4492,6.7,5155,7.7,monthly,USD,kshah5@scu.edu
4/1/1958,4/30/1958,NULL,USA,unemp,5016,7.4,5064,7.5,monthly,USD,kshah5@scu.edu
5/1/1958,5/31/1958,NULL,USA,unemp,5021,7.4,4832,7.1,monthly,USD,kshah5@scu.edu
6/1/1958,6/30/1958,NULL,USA,unemp,4944,7.3,5223,7.6,monthly,USD,kshah5@scu.edu
7/1/1958,7/31/1958,NULL,USA,unemp,5079,7.5,5098,7.4,monthly,USD,kshah5@scu.edu
8/1/1958,8/31/1958,NULL,USA,unemp,5025,7.4,4607,6.7,monthly,USD,kshah5@scu.edu
9/1/1958,9/30/1958,NULL,USA,unemp,4821,7.1,4058,6,monthly,USD,kshah5@scu.edu
10/1/1958,10/31/1958,NULL,USA,unemp,4570,6.7,3750,5.5,monthly,USD,kshah5@scu.edu
11/1/1958,11/30/1958,NULL,USA,unemp,4188,6.2,3785,5.6,monthly,USD,kshah5@scu.edu
12/1/1958,12/31/1958,NULL,USA,unemp,4191,6.2,4068,6,monthly,USD,kshah5@scu.edu
1/1/1959,1/31/1959,NULL,USA,unemp,4068,6,4678,7,monthly,USD,kshah5@scu.edu
2/1/1959,2/28/1959,NULL,USA,unemp,3965,5.9,4698,7,monthly,USD,kshah5@scu.edu
3/1/1959,3/31/1959,NULL,USA,unemp,3801,5.6,4298,6.4,monthly,USD,kshah5@scu.edu
4/1/1959,4/30/1959,NULL,USA,unemp,3571,5.2,3558,5.2,monthly,USD,kshah5@scu.edu
5/1/1959,5/31/1959,NULL,USA,unemp,3479,5.1,3327,4.9,monthly,USD,kshah5@scu.edu
6/1/1959,6/30/1959,NULL,USA,unemp,3429,5,3780,5.4,monthly,USD,kshah5@scu.edu
7/1/1959,7/31/1959,NULL,USA,unemp,3528,5.1,3605,5.2,monthly,USD,kshah5@scu.edu
8/1/1959,8/31/1959,NULL,USA,unemp,3588,5.2,3347,4.8,monthly,USD,kshah5@scu.edu
9/1/1959,9/30/1959,NULL,USA,unemp,3775,5.5,3195,4.7,monthly,USD,kshah5@scu.edu
10/1/1959,10/31/1959,NULL,USA,unemp,3910,5.7,3231,4.7,monthly,USD,kshah5@scu.edu
11/1/1959,11/30/1959,NULL,USA,unemp,4003,5.8,3636,5.3,monthly,USD,kshah5@scu.edu
12/1/1959,12/31/1959,NULL,USA,unemp,3653,5.3,3521,5.1,monthly,USD,kshah5@scu.edu
1/1/1960,1/31/1960,NULL,USA,unemp,3615,5.2,4119,6.1,monthly,USD,kshah5@scu.edu
2/1/1960,2/28/1960,NULL,USA,unemp,3329,4.8,3886,5.7,monthly,USD,kshah5@scu.edu
3/1/1960,3/31/1960,NULL,USA,unemp,3726,5.4,4164,6.1,monthly,USD,kshah5@scu.edu
4/1/1960,4/30/1960,NULL,USA,unemp,3620,5.2,3607,5.2,monthly,USD,kshah5@scu.edu
5/1/1960,5/31/1960,NULL,USA,unemp,3569,5.1,3380,4.8,monthly,USD,kshah5@scu.edu
6/1/1960,6/30/1960,NULL,USA,unemp,3766,5.4,4172,5.8,monthly,USD,kshah5@scu.edu
7/1/1960,7/31/1960,NULL,USA,unemp,3836,5.5,3884,5.5,monthly,USD,kshah5@scu.edu
8/1/1960,8/31/1960,NULL,USA,unemp,3946,5.6,3711,5.2,monthly,USD,kshah5@scu.edu
9/1/1960,9/30/1960,NULL,USA,unemp,3884,5.5,3315,4.7,monthly,USD,kshah5@scu.edu
10/1/1960,10/31/1960,NULL,USA,unemp,4252,6.1,3537,5,monthly,USD,kshah5@scu.edu
11/1/1960,11/30/1960,NULL,USA,unemp,4330,6.1,3967,5.6,monthly,USD,kshah5@scu.edu
12/1/1960,12/31/1960,NULL,USA,unemp,4617,6.6,4470,6.4,monthly,USD,kshah5@scu.edu
1/1/1961,1/31/1961,NULL,USA,unemp,4671,6.6,5335,7.7,monthly,USD,kshah5@scu.edu
2/1/1961,2/28/1961,NULL,USA,unemp,4832,6.9,5654,8.1,monthly,USD,kshah5@scu.edu
3/1/1961,3/31/1961,NULL,USA,unemp,4853,6.9,5423,7.7,monthly,USD,kshah5@scu.edu
4/1/1961,4/30/1961,NULL,USA,unemp,4893,7,4887,7,monthly,USD,kshah5@scu.edu
5/1/1961,5/31/1961,NULL,USA,unemp,5003,7.1,4671,6.6,monthly,USD,kshah5@scu.edu
6/1/1961,6/30/1961,NULL,USA,unemp,4885,6.9,5313,7.3,monthly,USD,kshah5@scu.edu
7/1/1961,7/31/1961,NULL,USA,unemp,4928,7,4961,6.9,monthly,USD,kshah5@scu.edu
8/1/1961,8/31/1961,NULL,USA,unemp,4682,6.6,4440,6.2,monthly,USD,kshah5@scu.edu
9/1/1961,9/30/1961,NULL,USA,unemp,4676,6.7,4034,5.8,monthly,USD,kshah5@scu.edu
10/1/1961,10/31/1961,NULL,USA,unemp,4573,6.5,3863,5.5,monthly,USD,kshah5@scu.edu
11/1/1961,11/30/1961,NULL,USA,unemp,4295,6.1,3941,5.6,monthly,USD,kshah5@scu.edu
12/1/1961,12/31/1961,NULL,USA,unemp,4177,6,4041,5.8,monthly,USD,kshah5@scu.edu
1/1/1962,1/31/1962,NULL,USA,unemp,4081,5.8,4621,6.7,monthly,USD,kshah5@scu.edu
2/1/1962,2/28/1962,NULL,USA,unemp,3871,5.5,4481,6.5,monthly,USD,kshah5@scu.edu
3/1/1962,3/31/1962,NULL,USA,unemp,3921,5.6,4323,6.2,monthly,USD,kshah5@scu.edu
4/1/1962,4/30/1962,NULL,USA,unemp,3906,5.6,3863,5.5,monthly,USD,kshah5@scu.edu
5/1/1962,5/31/1962,NULL,USA,unemp,3863,5.5,3592,5.1,monthly,USD,kshah5@scu.edu
6/1/1962,6/30/1962,NULL,USA,unemp,3844,5.5,4219,5.9,monthly,USD,kshah5@scu.edu
7/1/1962,7/31/1962,NULL,USA,unemp,3819,5.4,3829,5.3,monthly,USD,kshah5@scu.edu
8/1/1962,8/31/1962,NULL,USA,unemp,4013,5.7,3842,5.3,monthly,USD,kshah5@scu.edu
9/1/1962,9/30/1962,NULL,USA,unemp,3961,5.6,3455,4.9,monthly,USD,kshah5@scu.edu
10/1/1962,10/31/1962,NULL,USA,unemp,3803,5.4,3234,4.5,monthly,USD,kshah5@scu.edu
11/1/1962,11/30/1962,NULL,USA,unemp,4024,5.7,3726,5.3,monthly,USD,kshah5@scu.edu
12/1/1962,12/31/1962,NULL,USA,unemp,3907,5.5,3760,5.3,monthly,USD,kshah5@scu.edu
1/1/1963,1/31/1963,NULL,USA,unemp,4074,5.7,4627,6.6,monthly,USD,kshah5@scu.edu
2/1/1963,2/28/1963,NULL,USA,unemp,4238,5.9,4870,6.9,monthly,USD,kshah5@scu.edu
3/1/1963,3/31/1963,NULL,USA,unemp,4072,5.7,4442,6.3,monthly,USD,kshah5@scu.edu
4/1/1963,4/30/1963,NULL,USA,unemp,4055,5.7,3993,5.6,monthly,USD,kshah5@scu.edu
5/1/1963,5/31/1963,NULL,USA,unemp,4217,5.9,3949,5.5,monthly,USD,kshah5@scu.edu
6/1/1963,6/30/1963,NULL,USA,unemp,3977,5.6,4554,6.2,monthly,USD,kshah5@scu.edu
7/1/1963,7/31/1963,NULL,USA,unemp,4051,5.6,4140,5.6,monthly,USD,kshah5@scu.edu
8/1/1963,8/31/1963,NULL,USA,unemp,3878,5.4,3755,5.2,monthly,USD,kshah5@scu.edu
9/1/1963,9/30/1963,NULL,USA,unemp,3957,5.5,3470,4.8,monthly,USD,kshah5@scu.edu
10/1/1963,10/31/1963,NULL,USA,unemp,3987,5.5,3394,4.7,monthly,USD,kshah5@scu.edu
11/1/1963,11/30/1963,NULL,USA,unemp,4151,5.7,3858,5.3,monthly,USD,kshah5@scu.edu
12/1/1963,12/31/1963,NULL,USA,unemp,3975,5.5,3788,5.3,monthly,USD,kshah5@scu.edu
1/1/1964,1/31/1964,NULL,USA,unemp,4029,5.6,4518,6.4,monthly,USD,kshah5@scu.edu
2/1/1964,2/28/1964,NULL,USA,unemp,3932,5.4,4461,6.2,monthly,USD,kshah5@scu.edu
3/1/1964,3/31/1964,NULL,USA,unemp,3950,5.4,4225,5.9,monthly,USD,kshah5@scu.edu
4/1/1964,4/30/1964,NULL,USA,unemp,3918,5.3,3831,5.3,monthly,USD,kshah5@scu.edu
5/1/1964,5/31/1964,NULL,USA,unemp,3764,5.1,3528,4.8,monthly,USD,kshah5@scu.edu
6/1/1964,6/30/1964,NULL,USA,unemp,3814,5.2,4453,5.9,monthly,USD,kshah5@scu.edu
7/1/1964,7/31/1964,NULL,USA,unemp,3608,4.9,3675,4.9,monthly,USD,kshah5@scu.edu
8/1/1964,8/31/1964,NULL,USA,unemp,3655,5,3551,4.8,monthly,USD,kshah5@scu.edu
9/1/1964,9/30/1964,NULL,USA,unemp,3712,5.1,3262,4.5,monthly,USD,kshah5@scu.edu
10/1/1964,10/31/1964,NULL,USA,unemp,3726,5.1,3198,4.4,monthly,USD,kshah5@scu.edu
11/1/1964,11/30/1964,NULL,USA,unemp,3551,4.8,3318,4.5,monthly,USD,kshah5@scu.edu
12/1/1964,12/31/1964,NULL,USA,unemp,3651,5,3409,4.7,monthly,USD,kshah5@scu.edu
1/1/1965,1/31/1965,NULL,USA,unemp,3572,4.9,3942,5.5,monthly,USD,kshah5@scu.edu
2/1/1965,2/28/1965,NULL,USA,unemp,3730,5.1,4172,5.7,monthly,USD,kshah5@scu.edu
3/1/1965,3/31/1965,NULL,USA,unemp,3510,4.7,3699,5.1,monthly,USD,kshah5@scu.edu
4/1/1965,4/30/1965,NULL,USA,unemp,3595,4.8,3492,4.7,monthly,USD,kshah5@scu.edu
5/1/1965,5/31/1965,NULL,USA,unemp,3432,4.6,3214,4.3,monthly,USD,kshah5@scu.edu
6/1/1965,6/30/1965,NULL,USA,unemp,3387,4.6,4057,5.3,monthly,USD,kshah5@scu.edu
7/1/1965,7/31/1965,NULL,USA,unemp,3301,4.4,3429,4.5,monthly,USD,kshah5@scu.edu
8/1/1965,8/31/1965,NULL,USA,unemp,3254,4.4,3165,4.2,monthly,USD,kshah5@scu.edu
9/1/1965,9/30/1965,NULL,USA,unemp,3216,4.3,2842,3.8,monthly,USD,kshah5@scu.edu
10/1/1965,10/31/1965,NULL,USA,unemp,3143,4.2,2709,3.6,monthly,USD,kshah5@scu.edu
11/1/1965,11/30/1965,NULL,USA,unemp,3073,4.1,2888,3.9,monthly,USD,kshah5@scu.edu
12/1/1965,12/31/1965,NULL,USA,unemp,3031,4,2786,3.7,monthly,USD,kshah5@scu.edu
1/1/1966,1/31/1966,NULL,USA,unemp,2988,4,3244,4.4,monthly,USD,kshah5@scu.edu
2/1/1966,2/28/1966,NULL,USA,unemp,2820,3.8,3109,4.2,monthly,USD,kshah5@scu.edu
3/1/1966,3/31/1966,NULL,USA,unemp,2887,3.8,2990,4,monthly,USD,kshah5@scu.edu
4/1/1966,4/30/1966,NULL,USA,unemp,2828,3.8,2730,3.6,monthly,USD,kshah5@scu.edu
5/1/1966,5/31/1966,NULL,USA,unemp,2950,3.9,2793,3.7,monthly,USD,kshah5@scu.edu
6/1/1966,6/30/1966,NULL,USA,unemp,2872,3.8,3592,4.6,monthly,USD,kshah5@scu.edu
7/1/1966,7/31/1966,NULL,USA,unemp,2876,3.8,3050,3.9,monthly,USD,kshah5@scu.edu
8/1/1966,8/31/1966,NULL,USA,unemp,2900,3.8,2821,3.6,monthly,USD,kshah5@scu.edu
9/1/1966,9/30/1966,NULL,USA,unemp,2798,3.7,2503,3.3,monthly,USD,kshah5@scu.edu
10/1/1966,10/31/1966,NULL,USA,unemp,2798,3.7,2465,3.2,monthly,USD,kshah5@scu.edu
11/1/1966,11/30/1966,NULL,USA,unemp,2770,3.6,2579,3.4,monthly,USD,kshah5@scu.edu
12/1/1966,12/31/1966,NULL,USA,unemp,2912,3.8,2655,3.5,monthly,USD,kshah5@scu.edu
1/1/1967,1/31/1967,NULL,USA,unemp,2968,3.9,3159,4.2,monthly,USD,kshah5@scu.edu
2/1/1967,2/28/1967,NULL,USA,unemp,2915,3.8,3184,4.2,monthly,USD,kshah5@scu.edu
3/1/1967,3/31/1967,NULL,USA,unemp,2889,3.8,2954,3.9,monthly,USD,kshah5@scu.edu
4/1/1967,4/30/1967,NULL,USA,unemp,2895,3.8,2664,3.5,monthly,USD,kshah5@scu.edu
5/1/1967,5/31/1967,NULL,USA,unemp,2929,3.8,2458,3.2,monthly,USD,kshah5@scu.edu
6/1/1967,6/30/1967,NULL,USA,unemp,2992,3.9,3628,4.6,monthly,USD,kshah5@scu.edu
7/1/1967,7/31/1967,NULL,USA,unemp,2944,3.8,3249,4.1,monthly,USD,kshah5@scu.edu
8/1/1967,8/31/1967,NULL,USA,unemp,2945,3.8,2942,3.7,monthly,USD,kshah5@scu.edu
9/1/1967,9/30/1967,NULL,USA,unemp,2958,3.8,2895,3.7,monthly,USD,kshah5@scu.edu
10/1/1967,10/31/1967,NULL,USA,unemp,3143,4,2952,3.8,monthly,USD,kshah5@scu.edu
11/1/1967,11/30/1967,NULL,USA,unemp,3066,3.9,2903,3.7,monthly,USD,kshah5@scu.edu
12/1/1967,12/31/1967,NULL,USA,unemp,3018,3.8,2720,3.5,monthly,USD,kshah5@scu.edu
1/1/1968,1/31/1968,NULL,USA,unemp,2878,3.7,3074,4,monthly,USD,kshah5@scu.edu
2/1/1968,2/28/1968,NULL,USA,unemp,3001,3.8,3287,4.2,monthly,USD,kshah5@scu.edu
3/1/1968,3/31/1968,NULL,USA,unemp,2877,3.7,2929,3.8,monthly,USD,kshah5@scu.edu
4/1/1968,4/30/1968,NULL,USA,unemp,2709,3.5,2491,3.2,monthly,USD,kshah5@scu.edu
5/1/1968,5/31/1968,NULL,USA,unemp,2740,3.5,2304,2.9,monthly,USD,kshah5@scu.edu
6/1/1968,6/30/1968,NULL,USA,unemp,2938,3.7,3615,4.5,monthly,USD,kshah5@scu.edu
7/1/1968,7/31/1968,NULL,USA,unemp,2883,3.7,3217,4,monthly,USD,kshah5@scu.edu
8/1/1968,8/31/1968,NULL,USA,unemp,2768,3.5,2772,3.5,monthly,USD,kshah5@scu.edu
9/1/1968,9/30/1968,NULL,USA,unemp,2686,3.4,2607,3.3,monthly,USD,kshah5@scu.edu
10/1/1968,10/31/1968,NULL,USA,unemp,2689,3.4,2510,3.2,monthly,USD,kshah5@scu.edu
11/1/1968,11/30/1968,NULL,USA,unemp,2715,3.4,2576,3.3,monthly,USD,kshah5@scu.edu
12/1/1968,12/31/1968,NULL,USA,unemp,2685,3.4,2418,3.1,monthly,USD,kshah5@scu.edu
1/1/1969,1/31/1969,NULL,USA,unemp,2718,3.4,2875,3.7,monthly,USD,kshah5@scu.edu
2/1/1969,2/28/1969,NULL,USA,unemp,2692,3.4,2923,3.7,monthly,USD,kshah5@scu.edu
3/1/1969,3/31/1969,NULL,USA,unemp,2712,3.4,2747,3.5,monthly,USD,kshah5@scu.edu
4/1/1969,4/30/1969,NULL,USA,unemp,2758,3.4,2542,3.2,monthly,USD,kshah5@scu.edu
5/1/1969,5/31/1969,NULL,USA,unemp,2713,3.4,2300,2.9,monthly,USD,kshah5@scu.edu
6/1/1969,6/30/1969,NULL,USA,unemp,2816,3.5,3399,4.1,monthly,USD,kshah5@scu.edu
7/1/1969,7/31/1969,NULL,USA,unemp,2868,3.5,3182,3.8,monthly,USD,kshah5@scu.edu
8/1/1969,8/31/1969,NULL,USA,unemp,2856,3.5,2870,3.5,monthly,USD,kshah5@scu.edu
9/1/1969,9/30/1969,NULL,USA,unemp,3040,3.7,2958,3.7,monthly,USD,kshah5@scu.edu
10/1/1969,10/31/1969,NULL,USA,unemp,3049,3.7,2840,3.5,monthly,USD,kshah5@scu.edu
11/1/1969,11/30/1969,NULL,USA,unemp,2856,3.5,2711,3.3,monthly,USD,kshah5@scu.edu
12/1/1969,12/31/1969,NULL,USA,unemp,2884,3.5,2627,3.2,monthly,USD,kshah5@scu.edu
1/1/1970,1/31/1970,NULL,USA,unemp,3201,3.9,3406,4.2,monthly,USD,kshah5@scu.edu
2/1/1970,2/28/1970,NULL,USA,unemp,3453,4.2,3794,4.7,monthly,USD,kshah5@scu.edu
3/1/1970,3/31/1970,NULL,USA,unemp,3635,4.4,3732,4.6,monthly,USD,kshah5@scu.edu
4/1/1970,4/30/1970,NULL,USA,unemp,3797,4.6,3552,4.3,monthly,USD,kshah5@scu.edu
5/1/1970,5/31/1970,NULL,USA,unemp,3919,4.8,3385,4.1,monthly,USD,kshah5@scu.edu
6/1/1970,6/30/1970,NULL,USA,unemp,4071,4.9,4671,5.6,monthly,USD,kshah5@scu.edu
7/1/1970,7/31/1970,NULL,USA,unemp,4175,5,4514,5.3,monthly,USD,kshah5@scu.edu
8/1/1970,8/31/1970,NULL,USA,unemp,4256,5.1,4226,5,monthly,USD,kshah5@scu.edu
9/1/1970,9/30/1970,NULL,USA,unemp,4456,5.4,4300,5.2,monthly,USD,kshah5@scu.edu
10/1/1970,10/31/1970,NULL,USA,unemp,4591,5.5,4269,5.1,monthly,USD,kshah5@scu.edu
11/1/1970,11/30/1970,NULL,USA,unemp,4898,5.9,4618,5.5,monthly,USD,kshah5@scu.edu
12/1/1970,12/31/1970,NULL,USA,unemp,5076,6.1,4650,5.6,monthly,USD,kshah5@scu.edu
1/1/1971,1/31/1971,NULL,USA,unemp,4986,5.9,5429,6.6,monthly,USD,kshah5@scu.edu
2/1/1971,2/28/1971,NULL,USA,unemp,4903,5.9,5458,6.6,monthly,USD,kshah5@scu.edu
3/1/1971,3/31/1971,NULL,USA,unemp,4987,6,5190,6.3,monthly,USD,kshah5@scu.edu
4/1/1971,4/30/1971,NULL,USA,unemp,4959,5.9,4712,5.7,monthly,USD,kshah5@scu.edu
5/1/1971,5/31/1971,NULL,USA,unemp,4996,5.9,4415,5.3,monthly,USD,kshah5@scu.edu
6/1/1971,6/30/1971,NULL,USA,unemp,4949,5.9,5511,6.5,monthly,USD,kshah5@scu.edu
7/1/1971,7/31/1971,NULL,USA,unemp,5035,6,5354,6.2,monthly,USD,kshah5@scu.edu
8/1/1971,8/31/1971,NULL,USA,unemp,5134,6.1,5086,5.9,monthly,USD,kshah5@scu.edu
9/1/1971,9/30/1971,NULL,USA,unemp,5042,6,4867,5.8,monthly,USD,kshah5@scu.edu
10/1/1971,10/31/1971,NULL,USA,unemp,4954,5.8,4599,5.4,monthly,USD,kshah5@scu.edu
11/1/1971,11/30/1971,NULL,USA,unemp,5161,6,4846,5.7,monthly,USD,kshah5@scu.edu
12/1/1971,12/31/1971,NULL,USA,unemp,5154,6,4728,5.5,monthly,USD,kshah5@scu.edu
1/1/1972,1/31/1972,NULL,USA,unemp,5019,5.8,5481,6.5,monthly,USD,kshah5@scu.edu
2/1/1972,2/28/1972,NULL,USA,unemp,4928,5.7,5446,6.4,monthly,USD,kshah5@scu.edu
3/1/1972,3/31/1972,NULL,USA,unemp,5038,5.8,5250,6.1,monthly,USD,kshah5@scu.edu
4/1/1972,4/30/1972,NULL,USA,unemp,4959,5.7,4732,5.5,monthly,USD,kshah5@scu.edu
5/1/1972,5/31/1972,NULL,USA,unemp,4922,5.7,4382,5.1,monthly,USD,kshah5@scu.edu
6/1/1972,6/30/1972,NULL,USA,unemp,4923,5.7,5467,6.2,monthly,USD,kshah5@scu.edu
7/1/1972,7/31/1972,NULL,USA,unemp,4913,5.6,5216,5.9,monthly,USD,kshah5@scu.edu
8/1/1972,8/31/1972,NULL,USA,unemp,4939,5.6,4901,5.5,monthly,USD,kshah5@scu.edu
9/1/1972,9/30/1972,NULL,USA,unemp,4849,5.5,4705,5.4,monthly,USD,kshah5@scu.edu
10/1/1972,10/31/1972,NULL,USA,unemp,4875,5.6,4518,5.1,monthly,USD,kshah5@scu.edu
11/1/1972,11/30/1972,NULL,USA,unemp,4602,5.3,4317,4.9,monthly,USD,kshah5@scu.edu
12/1/1972,12/31/1972,NULL,USA,unemp,4543,5.2,4169,4.8,monthly,USD,kshah5@scu.edu
1/1/1973,1/31/1973,NULL,USA,unemp,4326,4.9,4730,5.5,monthly,USD,kshah5@scu.edu
2/1/1973,2/28/1973,NULL,USA,unemp,4452,5,4898,5.6,monthly,USD,kshah5@scu.edu
3/1/1973,3/31/1973,NULL,USA,unemp,4394,4.9,4564,5.2,monthly,USD,kshah5@scu.edu
4/1/1973,4/30/1973,NULL,USA,unemp,4459,5,4227,4.8,monthly,USD,kshah5@scu.edu
5/1/1973,5/31/1973,NULL,USA,unemp,4329,4.9,3855,4.4,monthly,USD,kshah5@scu.edu
6/1/1973,6/30/1973,NULL,USA,unemp,4363,4.9,4907,5.4,monthly,USD,kshah5@scu.edu
7/1/1973,7/31/1973,NULL,USA,unemp,4305,4.8,4613,5,monthly,USD,kshah5@scu.edu
8/1/1973,8/31/1973,NULL,USA,unemp,4305,4.8,4273,4.7,monthly,USD,kshah5@scu.edu
9/1/1973,9/30/1973,NULL,USA,unemp,4350,4.8,4230,4.7,monthly,USD,kshah5@scu.edu
10/1/1973,10/31/1973,NULL,USA,unemp,4144,4.6,3830,4.2,monthly,USD,kshah5@scu.edu
11/1/1973,11/30/1973,NULL,USA,unemp,4396,4.8,4127,4.6,monthly,USD,kshah5@scu.edu
12/1/1973,12/31/1973,NULL,USA,unemp,4489,4.9,4130,4.6,monthly,USD,kshah5@scu.edu
1/1/1974,1/31/1974,NULL,USA,unemp,4644,5.1,5081,5.7,monthly,USD,kshah5@scu.edu
2/1/1974,2/28/1974,NULL,USA,unemp,4731,5.2,5212,5.8,monthly,USD,kshah5@scu.edu
3/1/1974,3/31/1974,NULL,USA,unemp,4634,5.1,4826,5.3,monthly,USD,kshah5@scu.edu
4/1/1974,4/30/1974,NULL,USA,unemp,4618,5.1,4372,4.8,monthly,USD,kshah5@scu.edu
5/1/1974,5/31/1974,NULL,USA,unemp,4705,5.1,4219,4.6,monthly,USD,kshah5@scu.edu
6/1/1974,6/30/1974,NULL,USA,unemp,4927,5.4,5459,5.8,monthly,USD,kshah5@scu.edu
7/1/1974,7/31/1974,NULL,USA,unemp,5063,5.5,5341,5.7,monthly,USD,kshah5@scu.edu
8/1/1974,8/31/1974,NULL,USA,unemp,5022,5.5,4967,5.3,monthly,USD,kshah5@scu.edu
9/1/1974,9/30/1974,NULL,USA,unemp,5437,5.9,5287,5.7,monthly,USD,kshah5@scu.edu
10/1/1974,10/31/1974,NULL,USA,unemp,5523,6,5131,5.5,monthly,USD,kshah5@scu.edu
11/1/1974,11/30/1974,NULL,USA,unemp,6140,6.6,5775,6.2,monthly,USD,kshah5@scu.edu
12/1/1974,12/31/1974,NULL,USA,unemp,6636,7.2,6199,6.7,monthly,USD,kshah5@scu.edu
1/1/1975,1/31/1975,NULL,USA,unemp,7501,8.1,8272,9,monthly,USD,kshah5@scu.edu
2/1/1975,2/28/1975,NULL,USA,unemp,7520,8.1,8399,9.1,monthly,USD,kshah5@scu.edu
3/1/1975,3/31/1975,NULL,USA,unemp,7978,8.6,8446,9.1,monthly,USD,kshah5@scu.edu
4/1/1975,4/30/1975,NULL,USA,unemp,8210,8.8,7908,8.6,monthly,USD,kshah5@scu.edu
5/1/1975,5/31/1975,NULL,USA,unemp,8433,9,7715,8.3,monthly,USD,kshah5@scu.edu
6/1/1975,6/30/1975,NULL,USA,unemp,8220,8.8,8667,9.1,monthly,USD,kshah5@scu.edu
7/1/1975,7/31/1975,NULL,USA,unemp,8127,8.6,8311,8.7,monthly,USD,kshah5@scu.edu
8/1/1975,8/31/1975,NULL,USA,unemp,7928,8.4,7799,8.2,monthly,USD,kshah5@scu.edu
9/1/1975,9/30/1975,NULL,USA,unemp,7923,8.4,7624,8.1,monthly,USD,kshah5@scu.edu
10/1/1975,10/31/1975,NULL,USA,unemp,7897,8.4,7350,7.8,monthly,USD,kshah5@scu.edu
11/1/1975,11/30/1975,NULL,USA,unemp,7794,8.3,7341,7.8,monthly,USD,kshah5@scu.edu
12/1/1975,12/31/1975,NULL,USA,unemp,7744,8.2,7307,7.8,monthly,USD,kshah5@scu.edu
1/1/1976,1/31/1976,NULL,USA,unemp,7534,7.9,8286,8.8,monthly,USD,kshah5@scu.edu
2/1/1976,2/28/1976,NULL,USA,unemp,7326,7.7,8143,8.7,monthly,USD,kshah5@scu.edu
3/1/1976,3/31/1976,NULL,USA,unemp,7230,7.6,7631,8.1,monthly,USD,kshah5@scu.edu
4/1/1976,4/30/1976,NULL,USA,unemp,7330,7.7,6996,7.4,monthly,USD,kshah5@scu.edu
5/1/1976,5/31/1976,NULL,USA,unemp,7053,7.4,6415,6.8,monthly,USD,kshah5@scu.edu
6/1/1976,6/30/1976,NULL,USA,unemp,7322,7.6,7772,8,monthly,USD,kshah5@scu.edu
7/1/1976,7/31/1976,NULL,USA,unemp,7490,7.8,7697,7.8,monthly,USD,kshah5@scu.edu
8/1/1976,8/31/1976,NULL,USA,unemp,7518,7.8,7443,7.6,monthly,USD,kshah5@scu.edu
9/1/1976,9/30/1976,NULL,USA,unemp,7380,7.6,7148,7.4,monthly,USD,kshah5@scu.edu
10/1/1976,10/31/1976,NULL,USA,unemp,7430,7.7,6958,7.2,monthly,USD,kshah5@scu.edu
11/1/1976,11/30/1976,NULL,USA,unemp,7620,7.8,7224,7.4,monthly,USD,kshah5@scu.edu
12/1/1976,12/31/1976,NULL,USA,unemp,7545,7.8,7154,7.4,monthly,USD,kshah5@scu.edu
1/1/1977,1/31/1977,NULL,USA,unemp,7280,7.5,7980,8.3,monthly,USD,kshah5@scu.edu
2/1/1977,2/28/1977,NULL,USA,unemp,7443,7.6,8237,8.5,monthly,USD,kshah5@scu.edu
3/1/1977,3/31/1977,NULL,USA,unemp,7307,7.4,7680,7.9,monthly,USD,kshah5@scu.edu
4/1/1977,4/30/1977,NULL,USA,unemp,7059,7.2,6692,6.9,monthly,USD,kshah5@scu.edu
5/1/1977,5/31/1977,NULL,USA,unemp,6911,7,6280,6.4,monthly,USD,kshah5@scu.edu
6/1/1977,6/30/1977,NULL,USA,unemp,7134,7.2,7589,7.5,monthly,USD,kshah5@scu.edu
7/1/1977,7/31/1977,NULL,USA,unemp,6829,6.9,7081,7,monthly,USD,kshah5@scu.edu
8/1/1977,8/31/1977,NULL,USA,unemp,6925,7,6897,6.8,monthly,USD,kshah5@scu.edu
9/1/1977,9/30/1977,NULL,USA,unemp,6751,6.8,6579,6.6,monthly,USD,kshah5@scu.edu
10/1/1977,10/31/1977,NULL,USA,unemp,6763,6.8,6365,6.4,monthly,USD,kshah5@scu.edu
11/1/1977,11/30/1977,NULL,USA,unemp,6815,6.8,6495,6.5,monthly,USD,kshah5@scu.edu
12/1/1977,12/31/1977,NULL,USA,unemp,6386,6.4,6031,6,monthly,USD,kshah5@scu.edu
1/1/1978,1/31/1978,NULL,USA,unemp,6489,6.4,7048,7.1,monthly,USD,kshah5@scu.edu
2/1/1978,2/28/1978,NULL,USA,unemp,6318,6.3,6886,6.9,monthly,USD,kshah5@scu.edu
3/1/1978,3/31/1978,NULL,USA,unemp,6337,6.3,6621,6.6,monthly,USD,kshah5@scu.edu
4/1/1978,4/30/1978,NULL,USA,unemp,6180,6.1,5826,5.8,monthly,USD,kshah5@scu.edu
5/1/1978,5/31/1978,NULL,USA,unemp,6127,6,5605,5.5,monthly,USD,kshah5@scu.edu
6/1/1978,6/30/1978,NULL,USA,unemp,6028,5.9,6481,6.2,monthly,USD,kshah5@scu.edu
7/1/1978,7/31/1978,NULL,USA,unemp,6309,6.2,6597,6.3,monthly,USD,kshah5@scu.edu
8/1/1978,8/31/1978,NULL,USA,unemp,6080,5.9,6090,5.9,monthly,USD,kshah5@scu.edu
9/1/1978,9/30/1978,NULL,USA,unemp,6125,6,5958,5.8,monthly,USD,kshah5@scu.edu
10/1/1978,10/31/1978,NULL,USA,unemp,5947,5.8,5624,5.4,monthly,USD,kshah5@scu.edu
11/1/1978,11/30/1978,NULL,USA,unemp,6077,5.9,5797,5.6,monthly,USD,kshah5@scu.edu
12/1/1978,12/31/1978,NULL,USA,unemp,6228,6,5896,5.7,monthly,USD,kshah5@scu.edu
1/1/1979,1/31/1979,NULL,USA,unemp,6109,5.9,6602,6.4,monthly,USD,kshah5@scu.edu
2/1/1979,2/28/1979,NULL,USA,unemp,6173,5.9,6649,6.4,monthly,USD,kshah5@scu.edu
3/1/1979,3/31/1979,NULL,USA,unemp,6109,5.8,6325,6.1,monthly,USD,kshah5@scu.edu
4/1/1979,4/30/1979,NULL,USA,unemp,6069,5.8,5720,5.5,monthly,USD,kshah5@scu.edu
5/1/1979,5/31/1979,NULL,USA,unemp,5840,5.6,5419,5.2,monthly,USD,kshah5@scu.edu
6/1/1979,6/30/1979,NULL,USA,unemp,5959,5.7,6409,6,monthly,USD,kshah5@scu.edu
7/1/1979,7/31/1979,NULL,USA,unemp,5996,5.7,6282,5.9,monthly,USD,kshah5@scu.edu
8/1/1979,8/31/1979,NULL,USA,unemp,6320,6,6315,5.9,monthly,USD,kshah5@scu.edu
9/1/1979,9/30/1979,NULL,USA,unemp,6190,5.9,5978,5.7,monthly,USD,kshah5@scu.edu
10/1/1979,10/31/1979,NULL,USA,unemp,6296,6,5964,5.6,monthly,USD,kshah5@scu.edu
11/1/1979,11/30/1979,NULL,USA,unemp,6238,5.9,5964,5.6,monthly,USD,kshah5@scu.edu
12/1/1979,12/31/1979,NULL,USA,unemp,6325,6,6027,5.7,monthly,USD,kshah5@scu.edu
1/1/1980,1/31/1980,NULL,USA,unemp,6683,6.3,7234,6.9,monthly,USD,kshah5@scu.edu
2/1/1980,2/28/1980,NULL,USA,unemp,6702,6.3,7177,6.8,monthly,USD,kshah5@scu.edu
3/1/1980,3/31/1980,NULL,USA,unemp,6729,6.3,6983,6.6,monthly,USD,kshah5@scu.edu
4/1/1980,4/30/1980,NULL,USA,unemp,7358,6.9,7023,6.7,monthly,USD,kshah5@scu.edu
5/1/1980,5/31/1980,NULL,USA,unemp,7984,7.5,7501,7.1,monthly,USD,kshah5@scu.edu
6/1/1980,6/30/1980,NULL,USA,unemp,8098,7.6,8481,7.8,monthly,USD,kshah5@scu.edu
7/1/1980,7/31/1980,NULL,USA,unemp,8363,7.8,8603,7.9,monthly,USD,kshah5@scu.edu
8/1/1980,8/31/1980,NULL,USA,unemp,8281,7.7,8202,7.6,monthly,USD,kshah5@scu.edu
9/1/1980,9/30/1980,NULL,USA,unemp,8021,7.5,7655,7.2,monthly,USD,kshah5@scu.edu
10/1/1980,10/31/1980,NULL,USA,unemp,8088,7.5,7674,7.1,monthly,USD,kshah5@scu.edu
11/1/1980,11/30/1980,NULL,USA,unemp,8023,7.5,7682,7.1,monthly,USD,kshah5@scu.edu
12/1/1980,12/31/1980,NULL,USA,unemp,7718,7.2,7430,6.9,monthly,USD,kshah5@scu.edu
1/1/1981,1/31/1981,NULL,USA,unemp,8071,7.5,8746,8.2,monthly,USD,kshah5@scu.edu
2/1/1981,2/28/1981,NULL,USA,unemp,8051,7.4,8614,8,monthly,USD,kshah5@scu.edu
3/1/1981,3/31/1981,NULL,USA,unemp,7982,7.4,8271,7.7,monthly,USD,kshah5@scu.edu
4/1/1981,4/30/1981,NULL,USA,unemp,7869,7.2,7561,7,monthly,USD,kshah5@scu.edu
5/1/1981,5/31/1981,NULL,USA,unemp,8174,7.5,7731,7.1,monthly,USD,kshah5@scu.edu
6/1/1981,6/30/1981,NULL,USA,unemp,8098,7.5,8485,7.7,monthly,USD,kshah5@scu.edu
7/1/1981,7/31/1981,NULL,USA,unemp,7863,7.2,8130,7.3,monthly,USD,kshah5@scu.edu
8/1/1981,8/31/1981,NULL,USA,unemp,8036,7.4,7947,7.2,monthly,USD,kshah5@scu.edu
9/1/1981,9/30/1981,NULL,USA,unemp,8230,7.6,7884,7.3,monthly,USD,kshah5@scu.edu
10/1/1981,10/31/1981,NULL,USA,unemp,8646,7.9,8216,7.5,monthly,USD,kshah5@scu.edu
11/1/1981,11/30/1981,NULL,USA,unemp,9029,8.3,8676,7.9,monthly,USD,kshah5@scu.edu
12/1/1981,12/31/1981,NULL,USA,unemp,9267,8.5,9013,8.3,monthly,USD,kshah5@scu.edu
1/1/1982,1/31/1982,NULL,USA,unemp,9397,8.6,10183,9.4,monthly,USD,kshah5@scu.edu
2/1/1982,2/28/1982,NULL,USA,unemp,9705,8.9,10378,9.6,monthly,USD,kshah5@scu.edu
3/1/1982,3/31/1982,NULL,USA,unemp,9895,9,10290,9.5,monthly,USD,kshah5@scu.edu
4/1/1982,4/30/1982,NULL,USA,unemp,10244,9.3,9957,9.2,monthly,USD,kshah5@scu.edu
5/1/1982,5/31/1982,NULL,USA,unemp,10335,9.4,9957,9.1,monthly,USD,kshah5@scu.edu
6/1/1982,6/30/1982,NULL,USA,unemp,10538,9.6,10886,9.8,monthly,USD,kshah5@scu.edu
7/1/1982,7/31/1982,NULL,USA,unemp,10849,9.8,11036,9.8,monthly,USD,kshah5@scu.edu
8/1/1982,8/31/1982,NULL,USA,unemp,10881,9.8,10710,9.6,monthly,USD,kshah5@scu.edu
9/1/1982,9/30/1982,NULL,USA,unemp,11217,10.1,10695,9.7,monthly,USD,kshah5@scu.edu
10/1/1982,10/31/1982,NULL,USA,unemp,11529,10.4,10942,9.9,monthly,USD,kshah5@scu.edu
11/1/1982,11/30/1982,NULL,USA,unemp,11938,10.8,11476,10.4,monthly,USD,kshah5@scu.edu
12/1/1982,12/31/1982,NULL,USA,unemp,12051,10.8,11628,10.5,monthly,USD,kshah5@scu.edu
1/1/1983,1/31/1983,NULL,USA,unemp,11534,10.4,12517,11.4,monthly,USD,kshah5@scu.edu
2/1/1983,2/28/1983,NULL,USA,unemp,11545,10.4,12382,11.3,monthly,USD,kshah5@scu.edu
3/1/1983,3/31/1983,NULL,USA,unemp,11408,10.3,11879,10.8,monthly,USD,kshah5@scu.edu
4/1/1983,4/30/1983,NULL,USA,unemp,11268,10.2,11035,10,monthly,USD,kshah5@scu.edu
5/1/1983,5/31/1983,NULL,USA,unemp,11154,10.1,10765,9.8,monthly,USD,kshah5@scu.edu
6/1/1983,6/30/1983,NULL,USA,unemp,11246,10.1,11570,10.2,monthly,USD,kshah5@scu.edu
7/1/1983,7/31/1983,NULL,USA,unemp,10548,9.4,10707,9.4,monthly,USD,kshah5@scu.edu
8/1/1983,8/31/1983,NULL,USA,unemp,10623,9.5,10411,9.2,monthly,USD,kshah5@scu.edu
9/1/1983,9/30/1983,NULL,USA,unemp,10282,9.2,9830,8.8,monthly,USD,kshah5@scu.edu
10/1/1983,10/31/1983,NULL,USA,unemp,9887,8.8,9383,8.4,monthly,USD,kshah5@scu.edu
11/1/1983,11/30/1983,NULL,USA,unemp,9499,8.5,9129,8.1,monthly,USD,kshah5@scu.edu
12/1/1983,12/31/1983,NULL,USA,unemp,9331,8.3,8992,8,monthly,USD,kshah5@scu.edu
1/1/1984,1/31/1984,NULL,USA,unemp,9008,8,9755,8.8,monthly,USD,kshah5@scu.edu
2/1/1984,2/28/1984,NULL,USA,unemp,8791,7.8,9407,8.4,monthly,USD,kshah5@scu.edu
3/1/1984,3/31/1984,NULL,USA,unemp,8746,7.8,9057,8.1,monthly,USD,kshah5@scu.edu
4/1/1984,4/30/1984,NULL,USA,unemp,8762,7.7,8525,7.6,monthly,USD,kshah5@scu.edu
5/1/1984,5/31/1984,NULL,USA,unemp,8456,7.4,8154,7.2,monthly,USD,kshah5@scu.edu
6/1/1984,6/30/1984,NULL,USA,unemp,8226,7.2,8582,7.4,monthly,USD,kshah5@scu.edu
7/1/1984,7/31/1984,NULL,USA,unemp,8537,7.5,8714,7.5,monthly,USD,kshah5@scu.edu
8/1/1984,8/31/1984,NULL,USA,unemp,8519,7.5,8382,7.3,monthly,USD,kshah5@scu.edu
9/1/1984,9/30/1984,NULL,USA,unemp,8367,7.3,8051,7.1,monthly,USD,kshah5@scu.edu
10/1/1984,10/31/1984,NULL,USA,unemp,8381,7.4,7989,7,monthly,USD,kshah5@scu.edu
11/1/1984,11/30/1984,NULL,USA,unemp,8198,7.2,7869,6.9,monthly,USD,kshah5@scu.edu
12/1/1984,12/31/1984,NULL,USA,unemp,8358,7.3,7978,7,monthly,USD,kshah5@scu.edu
1/1/1985,1/31/1985,NULL,USA,unemp,8423,7.3,9131,8,monthly,USD,kshah5@scu.edu
2/1/1985,2/28/1985,NULL,USA,unemp,8321,7.2,8902,7.8,monthly,USD,kshah5@scu.edu
3/1/1985,3/31/1985,NULL,USA,unemp,8339,7.2,8625,7.5,monthly,USD,kshah5@scu.edu
4/1/1985,4/30/1985,NULL,USA,unemp,8395,7.3,8150,7.1,monthly,USD,kshah5@scu.edu
5/1/1985,5/31/1985,NULL,USA,unemp,8302,7.2,8011,7,monthly,USD,kshah5@scu.edu
6/1/1985,6/30/1985,NULL,USA,unemp,8460,7.4,8753,7.5,monthly,USD,kshah5@scu.edu
7/1/1985,7/31/1985,NULL,USA,unemp,8513,7.4,8682,7.4,monthly,USD,kshah5@scu.edu
8/1/1985,8/31/1985,NULL,USA,unemp,8196,7.1,8051,6.9,monthly,USD,kshah5@scu.edu
9/1/1985,9/30/1985,NULL,USA,unemp,8248,7.1,7984,6.9,monthly,USD,kshah5@scu.edu
10/1/1985,10/31/1985,NULL,USA,unemp,8298,7.1,7917,6.8,monthly,USD,kshah5@scu.edu
11/1/1985,11/30/1985,NULL,USA,unemp,8128,7,7815,6.7,monthly,USD,kshah5@scu.edu
12/1/1985,12/31/1985,NULL,USA,unemp,8138,7,7717,6.7,monthly,USD,kshah5@scu.edu
1/1/1986,1/31/1986,NULL,USA,unemp,7795,6.7,8472,7.3,monthly,USD,kshah5@scu.edu
2/1/1986,2/28/1986,NULL,USA,unemp,8402,7.2,9041,7.8,monthly,USD,kshah5@scu.edu
3/1/1986,3/31/1986,NULL,USA,unemp,8383,7.2,8667,7.5,monthly,USD,kshah5@scu.edu
4/1/1986,4/30/1986,NULL,USA,unemp,8364,7.1,8115,7,monthly,USD,kshah5@scu.edu
5/1/1986,5/31/1986,NULL,USA,unemp,8439,7.2,8158,7,monthly,USD,kshah5@scu.edu
6/1/1986,6/30/1986,NULL,USA,unemp,8508,7.2,8775,7.3,monthly,USD,kshah5@scu.edu
7/1/1986,7/31/1986,NULL,USA,unemp,8319,7,8471,7,monthly,USD,kshah5@scu.edu
8/1/1986,8/31/1986,NULL,USA,unemp,8135,6.9,7955,6.7,monthly,USD,kshah5@scu.edu
9/1/1986,9/30/1986,NULL,USA,unemp,8310,7,8015,6.8,monthly,USD,kshah5@scu.edu
10/1/1986,10/31/1986,NULL,USA,unemp,8243,7,7842,6.6,monthly,USD,kshah5@scu.edu
11/1/1986,11/30/1986,NULL,USA,unemp,8159,6.9,7872,6.6,monthly,USD,kshah5@scu.edu
12/1/1986,12/31/1986,NULL,USA,unemp,7883,6.6,7461,6.3,monthly,USD,kshah5@scu.edu
1/1/1987,1/31/1987,NULL,USA,unemp,7892,6.6,8620,7.3,monthly,USD,kshah5@scu.edu
2/1/1987,2/28/1987,NULL,USA,unemp,7865,6.6,8503,7.2,monthly,USD,kshah5@scu.edu
3/1/1987,3/31/1987,NULL,USA,unemp,7862,6.6,8124,6.9,monthly,USD,kshah5@scu.edu
4/1/1987,4/30/1987,NULL,USA,unemp,7542,6.3,7306,6.2,monthly,USD,kshah5@scu.edu
5/1/1987,5/31/1987,NULL,USA,unemp,7574,6.3,7318,6.1,monthly,USD,kshah5@scu.edu
6/1/1987,6/30/1987,NULL,USA,unemp,7398,6.2,7655,6.3,monthly,USD,kshah5@scu.edu
7/1/1987,7/31/1987,NULL,USA,unemp,7268,6.1,7453,6.1,monthly,USD,kshah5@scu.edu
8/1/1987,8/31/1987,NULL,USA,unemp,7261,6,7088,5.8,monthly,USD,kshah5@scu.edu
9/1/1987,9/30/1987,NULL,USA,unemp,7102,5.9,6857,5.7,monthly,USD,kshah5@scu.edu
10/1/1987,10/31/1987,NULL,USA,unemp,7227,6,6845,5.7,monthly,USD,kshah5@scu.edu
11/1/1987,11/30/1987,NULL,USA,unemp,7035,5.8,6802,5.6,monthly,USD,kshah5@scu.edu
12/1/1987,12/31/1987,NULL,USA,unemp,6936,5.7,6526,5.4,monthly,USD,kshah5@scu.edu
1/1/1988,1/31/1988,NULL,USA,unemp,6953,5.7,7603,6.3,monthly,USD,kshah5@scu.edu
2/1/1988,2/28/1988,NULL,USA,unemp,6929,5.7,7482,6.2,monthly,USD,kshah5@scu.edu
3/1/1988,3/31/1988,NULL,USA,unemp,6876,5.7,7090,5.9,monthly,USD,kshah5@scu.edu
4/1/1988,4/30/1988,NULL,USA,unemp,6601,5.4,6359,5.3,monthly,USD,kshah5@scu.edu
5/1/1988,5/31/1988,NULL,USA,unemp,6779,5.6,6553,5.4,monthly,USD,kshah5@scu.edu
6/1/1988,6/30/1988,NULL,USA,unemp,6546,5.4,6819,5.5,monthly,USD,kshah5@scu.edu
7/1/1988,7/31/1988,NULL,USA,unemp,6605,5.4,6823,5.5,monthly,USD,kshah5@scu.edu
8/1/1988,8/31/1988,NULL,USA,unemp,6843,5.6,6659,5.4,monthly,USD,kshah5@scu.edu
9/1/1988,9/30/1988,NULL,USA,unemp,6604,5.4,6368,5.2,monthly,USD,kshah5@scu.edu
10/1/1988,10/31/1988,NULL,USA,unemp,6568,5.4,6182,5,monthly,USD,kshah5@scu.edu
11/1/1988,11/30/1988,NULL,USA,unemp,6537,5.3,6325,5.2,monthly,USD,kshah5@scu.edu
12/1/1988,12/31/1988,NULL,USA,unemp,6518,5.3,6142,5,monthly,USD,kshah5@scu.edu
1/1/1989,1/31/1989,NULL,USA,unemp,6682,5.4,7309,6,monthly,USD,kshah5@scu.edu
2/1/1989,2/28/1989,NULL,USA,unemp,6359,5.2,6883,5.6,monthly,USD,kshah5@scu.edu
3/1/1989,3/31/1989,NULL,USA,unemp,6205,5,6378,5.2,monthly,USD,kshah5@scu.edu
4/1/1989,4/30/1989,NULL,USA,unemp,6468,5.2,6229,5.1,monthly,USD,kshah5@scu.edu
5/1/1989,5/31/1989,NULL,USA,unemp,6375,5.2,6156,5,monthly,USD,kshah5@scu.edu
6/1/1989,6/30/1989,NULL,USA,unemp,6577,5.3,6850,5.5,monthly,USD,kshah5@scu.edu
7/1/1989,7/31/1989,NULL,USA,unemp,6495,5.2,6736,5.3,monthly,USD,kshah5@scu.edu
8/1/1989,8/31/1989,NULL,USA,unemp,6511,5.2,6352,5.1,monthly,USD,kshah5@scu.edu
9/1/1989,9/30/1989,NULL,USA,unemp,6590,5.3,6330,5.1,monthly,USD,kshah5@scu.edu
10/1/1989,10/31/1989,NULL,USA,unemp,6630,5.3,6222,5,monthly,USD,kshah5@scu.edu
11/1/1989,11/30/1989,NULL,USA,unemp,6725,5.4,6495,5.2,monthly,USD,kshah5@scu.edu
12/1/1989,12/31/1989,NULL,USA,unemp,6667,5.4,6300,5.1,monthly,USD,kshah5@scu.edu
1/1/1990,1/31/1990,NULL,USA,unemp,6752,5.4,7413,6,monthly,USD,kshah5@scu.edu
2/1/1990,2/28/1990,NULL,USA,unemp,6651,5.3,7296,5.9,monthly,USD,kshah5@scu.edu
3/1/1990,3/31/1990,NULL,USA,unemp,6598,5.2,6852,5.5,monthly,USD,kshah5@scu.edu
4/1/1990,4/30/1990,NULL,USA,unemp,6797,5.4,6620,5.3,monthly,USD,kshah5@scu.edu
5/1/1990,5/31/1990,NULL,USA,unemp,6742,5.4,6533,5.2,monthly,USD,kshah5@scu.edu
6/1/1990,6/30/1990,NULL,USA,unemp,6590,5.2,6884,5.4,monthly,USD,kshah5@scu.edu
7/1/1990,7/31/1990,NULL,USA,unemp,6922,5.5,7137,5.6,monthly,USD,kshah5@scu.edu
8/1/1990,8/31/1990,NULL,USA,unemp,7188,5.7,7008,5.5,monthly,USD,kshah5@scu.edu
9/1/1990,9/30/1990,NULL,USA,unemp,7368,5.9,7003,5.6,monthly,USD,kshah5@scu.edu
10/1/1990,10/31/1990,NULL,USA,unemp,7459,5.9,6892,5.5,monthly,USD,kshah5@scu.edu
11/1/1990,11/30/1990,NULL,USA,unemp,7764,6.2,7396,5.9,monthly,USD,kshah5@scu.edu
12/1/1990,12/31/1990,NULL,USA,unemp,7901,6.3,7525,6,monthly,USD,kshah5@scu.edu
1/1/1991,1/31/1991,NULL,USA,unemp,8015,6.4,8787,7.1,monthly,USD,kshah5@scu.edu
2/1/1991,2/28/1991,NULL,USA,unemp,8265,6.6,9121,7.3,monthly,USD,kshah5@scu.edu
3/1/1991,3/31/1991,NULL,USA,unemp,8586,6.8,8995,7.2,monthly,USD,kshah5@scu.edu
4/1/1991,4/30/1991,NULL,USA,unemp,8439,6.7,8226,6.5,monthly,USD,kshah5@scu.edu
5/1/1991,5/31/1991,NULL,USA,unemp,8736,6.9,8435,6.7,monthly,USD,kshah5@scu.edu
6/1/1991,6/30/1991,NULL,USA,unemp,8692,6.9,8992,7,monthly,USD,kshah5@scu.edu
7/1/1991,7/31/1991,NULL,USA,unemp,8586,6.8,8792,6.8,monthly,USD,kshah5@scu.edu
8/1/1991,8/31/1991,NULL,USA,unemp,8666,6.9,8439,6.6,monthly,USD,kshah5@scu.edu
9/1/1991,9/30/1991,NULL,USA,unemp,8722,6.9,8270,6.5,monthly,USD,kshah5@scu.edu
10/1/1991,10/31/1991,NULL,USA,unemp,8842,7,8232,6.5,monthly,USD,kshah5@scu.edu
11/1/1991,11/30/1991,NULL,USA,unemp,8931,7,8494,6.7,monthly,USD,kshah5@scu.edu
12/1/1991,12/31/1991,NULL,USA,unemp,9198,7.3,8755,6.9,monthly,USD,kshah5@scu.edu
1/1/1992,1/31/1992,NULL,USA,unemp,9283,7.3,10186,8.1,monthly,USD,kshah5@scu.edu
2/1/1992,2/28/1992,NULL,USA,unemp,9454,7.4,10401,8.2,monthly,USD,kshah5@scu.edu
3/1/1992,3/31/1992,NULL,USA,unemp,9460,7.4,9913,7.8,monthly,USD,kshah5@scu.edu
4/1/1992,4/30/1992,NULL,USA,unemp,9415,7.4,9135,7.2,monthly,USD,kshah5@scu.edu
5/1/1992,5/31/1992,NULL,USA,unemp,9744,7.6,9389,7.3,monthly,USD,kshah5@scu.edu
6/1/1992,6/30/1992,NULL,USA,unemp,10040,7.8,10366,8,monthly,USD,kshah5@scu.edu
7/1/1992,7/31/1992,NULL,USA,unemp,9850,7.7,10099,7.7,monthly,USD,kshah5@scu.edu
8/1/1992,8/31/1992,NULL,USA,unemp,9787,7.6,9605,7.4,monthly,USD,kshah5@scu.edu
9/1/1992,9/30/1992,NULL,USA,unemp,9781,7.6,9316,7.3,monthly,USD,kshah5@scu.edu
10/1/1992,10/31/1992,NULL,USA,unemp,9398,7.3,8813,6.9,monthly,USD,kshah5@scu.edu
11/1/1992,11/30/1992,NULL,USA,unemp,9565,7.4,9086,7.1,monthly,USD,kshah5@scu.edu
12/1/1992,12/31/1992,NULL,USA,unemp,9557,7.4,9045,7.1,monthly,USD,kshah5@scu.edu
1/1/1993,1/31/1993,NULL,USA,unemp,9325,7.3,10158,8,monthly,USD,kshah5@scu.edu
2/1/1993,2/28/1993,NULL,USA,unemp,9183,7.1,10004,7.8,monthly,USD,kshah5@scu.edu
3/1/1993,3/31/1993,NULL,USA,unemp,9056,7,9478,7.4,monthly,USD,kshah5@scu.edu
4/1/1993,4/30/1993,NULL,USA,unemp,9110,7.1,8835,6.9,monthly,USD,kshah5@scu.edu
5/1/1993,5/31/1993,NULL,USA,unemp,9149,7.1,8807,6.8,monthly,USD,kshah5@scu.edu
6/1/1993,6/30/1993,NULL,USA,unemp,9121,7,9473,7.2,monthly,USD,kshah5@scu.edu
7/1/1993,7/31/1993,NULL,USA,unemp,8930,6.9,9223,7,monthly,USD,kshah5@scu.edu
8/1/1993,8/31/1993,NULL,USA,unemp,8763,6.8,8655,6.6,monthly,USD,kshah5@scu.edu
9/1/1993,9/30/1993,NULL,USA,unemp,8714,6.7,8302,6.4,monthly,USD,kshah5@scu.edu
10/1/1993,10/31/1993,NULL,USA,unemp,8750,6.8,8296,6.4,monthly,USD,kshah5@scu.edu
11/1/1993,11/30/1993,NULL,USA,unemp,8542,6.6,8094,6.2,monthly,USD,kshah5@scu.edu
12/1/1993,12/31/1993,NULL,USA,unemp,8477,6.5,7959,6.1,monthly,USD,kshah5@scu.edu
1/1/1994,1/31/1994,NULL,USA,unemp,8630,6.6,9492,7.3,monthly,USD,kshah5@scu.edu
2/1/1994,2/28/1994,NULL,USA,unemp,8583,6.6,9262,7.1,monthly,USD,kshah5@scu.edu
3/1/1994,3/31/1994,NULL,USA,unemp,8470,6.5,8874,6.8,monthly,USD,kshah5@scu.edu
4/1/1994,4/30/1994,NULL,USA,unemp,8331,6.4,8078,6.2,monthly,USD,kshah5@scu.edu
5/1/1994,5/31/1994,NULL,USA,unemp,7915,6.1,7656,5.9,monthly,USD,kshah5@scu.edu
6/1/1994,6/30/1994,NULL,USA,unemp,7927,6.1,8251,6.2,monthly,USD,kshah5@scu.edu
7/1/1994,7/31/1994,NULL,USA,unemp,7946,6.1,8281,6.2,monthly,USD,kshah5@scu.edu
8/1/1994,8/31/1994,NULL,USA,unemp,7933,6,7868,5.9,monthly,USD,kshah5@scu.edu
9/1/1994,9/30/1994,NULL,USA,unemp,7734,5.9,7379,5.6,monthly,USD,kshah5@scu.edu
10/1/1994,10/31/1994,NULL,USA,unemp,7632,5.8,7155,5.4,monthly,USD,kshah5@scu.edu
11/1/1994,11/30/1994,NULL,USA,unemp,7375,5.6,6973,5.3,monthly,USD,kshah5@scu.edu
12/1/1994,12/31/1994,NULL,USA,unemp,7230,5.5,6690,5.1,monthly,USD,kshah5@scu.edu
1/1/1995,1/31/1995,NULL,USA,unemp,7375,5.6,8101,6.2,monthly,USD,kshah5@scu.edu
2/1/1995,2/28/1995,NULL,USA,unemp,7187,5.4,7685,5.9,monthly,USD,kshah5@scu.edu
3/1/1995,3/31/1995,NULL,USA,unemp,7153,5.4,7480,5.7,monthly,USD,kshah5@scu.edu
4/1/1995,4/30/1995,NULL,USA,unemp,7645,5.8,7378,5.6,monthly,USD,kshah5@scu.edu
5/1/1995,5/31/1995,NULL,USA,unemp,7430,5.6,7185,5.5,monthly,USD,kshah5@scu.edu
6/1/1995,6/30/1995,NULL,USA,unemp,7427,5.6,7727,5.8,monthly,USD,kshah5@scu.edu
7/1/1995,7/31/1995,NULL,USA,unemp,7527,5.7,7892,5.9,monthly,USD,kshah5@scu.edu
8/1/1995,8/31/1995,NULL,USA,unemp,7484,5.7,7457,5.6,monthly,USD,kshah5@scu.edu
9/1/1995,9/30/1995,NULL,USA,unemp,7478,5.6,7167,5.4,monthly,USD,kshah5@scu.edu
10/1/1995,10/31/1995,NULL,USA,unemp,7328,5.5,6884,5.2,monthly,USD,kshah5@scu.edu
11/1/1995,11/30/1995,NULL,USA,unemp,7426,5.6,7024,5.3,monthly,USD,kshah5@scu.edu
12/1/1995,12/31/1995,NULL,USA,unemp,7423,5.6,6872,5.2,monthly,USD,kshah5@scu.edu
1/1/1996,1/31/1996,NULL,USA,unemp,7491,5.6,8270,6.3,monthly,USD,kshah5@scu.edu
2/1/1996,2/28/1996,NULL,USA,unemp,7313,5.5,7858,6,monthly,USD,kshah5@scu.edu
3/1/1996,3/31/1996,NULL,USA,unemp,7318,5.5,7700,5.8,monthly,USD,kshah5@scu.edu
4/1/1996,4/30/1996,NULL,USA,unemp,7415,5.6,7124,5.4,monthly,USD,kshah5@scu.edu
5/1/1996,5/31/1996,NULL,USA,unemp,7423,5.6,7166,5.4,monthly,USD,kshah5@scu.edu
6/1/1996,6/30/1996,NULL,USA,unemp,7095,5.3,7377,5.5,monthly,USD,kshah5@scu.edu
7/1/1996,7/31/1996,NULL,USA,unemp,7337,5.5,7693,5.6,monthly,USD,kshah5@scu.edu
8/1/1996,8/31/1996,NULL,USA,unemp,6882,5.1,6868,5.1,monthly,USD,kshah5@scu.edu
9/1/1996,9/30/1996,NULL,USA,unemp,6979,5.2,6700,5,monthly,USD,kshah5@scu.edu
10/1/1996,10/31/1996,NULL,USA,unemp,7031,5.2,6577,4.9,monthly,USD,kshah5@scu.edu
11/1/1996,11/30/1996,NULL,USA,unemp,7236,5.4,6816,5,monthly,USD,kshah5@scu.edu
12/1/1996,12/31/1996,NULL,USA,unemp,7253,5.4,6680,5,monthly,USD,kshah5@scu.edu
1/1/1997,1/31/1997,NULL,USA,unemp,7158,5.3,7933,5.9,monthly,USD,kshah5@scu.edu
2/1/1997,2/28/1997,NULL,USA,unemp,7102,5.2,7647,5.7,monthly,USD,kshah5@scu.edu
3/1/1997,3/31/1997,NULL,USA,unemp,7000,5.2,7399,5.5,monthly,USD,kshah5@scu.edu
4/1/1997,4/30/1997,NULL,USA,unemp,6873,5.1,6551,4.8,monthly,USD,kshah5@scu.edu
5/1/1997,5/31/1997,NULL,USA,unemp,6655,4.9,6398,4.7,monthly,USD,kshah5@scu.edu
6/1/1997,6/30/1997,NULL,USA,unemp,6799,5,7094,5.2,monthly,USD,kshah5@scu.edu
7/1/1997,7/31/1997,NULL,USA,unemp,6655,4.9,6981,5,monthly,USD,kshah5@scu.edu
8/1/1997,8/31/1997,NULL,USA,unemp,6608,4.8,6594,4.8,monthly,USD,kshah5@scu.edu
9/1/1997,9/30/1997,NULL,USA,unemp,6656,4.9,6403,4.7,monthly,USD,kshah5@scu.edu
10/1/1997,10/31/1997,NULL,USA,unemp,6454,4.7,5995,4.4,monthly,USD,kshah5@scu.edu
11/1/1997,11/30/1997,NULL,USA,unemp,6308,4.6,5914,4.3,monthly,USD,kshah5@scu.edu
12/1/1997,12/31/1997,NULL,USA,unemp,6476,4.7,5957,4.4,monthly,USD,kshah5@scu.edu
1/1/1998,1/31/1998,NULL,USA,unemp,6368,4.6,7069,5.2,monthly,USD,kshah5@scu.edu
2/1/1998,2/28/1998,NULL,USA,unemp,6306,4.6,6804,5,monthly,USD,kshah5@scu.edu
3/1/1998,3/31/1998,NULL,USA,unemp,6422,4.7,6816,5,monthly,USD,kshah5@scu.edu
4/1/1998,4/30/1998,NULL,USA,unemp,5941,4.3,5643,4.1,monthly,USD,kshah5@scu.edu
5/1/1998,5/31/1998,NULL,USA,unemp,6047,4.4,5764,4.2,monthly,USD,kshah5@scu.edu
6/1/1998,6/30/1998,NULL,USA,unemp,6212,4.5,6534,4.7,monthly,USD,kshah5@scu.edu
7/1/1998,7/31/1998,NULL,USA,unemp,6259,4.5,6567,4.7,monthly,USD,kshah5@scu.edu
8/1/1998,8/31/1998,NULL,USA,unemp,6179,4.5,6173,4.5,monthly,USD,kshah5@scu.edu
9/1/1998,9/30/1998,NULL,USA,unemp,6300,4.6,6039,4.4,monthly,USD,kshah5@scu.edu
10/1/1998,10/31/1998,NULL,USA,unemp,6280,4.5,5831,4.2,monthly,USD,kshah5@scu.edu
11/1/1998,11/30/1998,NULL,USA,unemp,6100,4.4,5711,4.1,monthly,USD,kshah5@scu.edu
12/1/1998,12/31/1998,NULL,USA,unemp,6032,4.4,5565,4,monthly,USD,kshah5@scu.edu
1/1/1999,1/31/1999,NULL,USA,unemp,5976,4.3,6604,4.8,monthly,USD,kshah5@scu.edu
2/1/1999,2/28/1999,NULL,USA,unemp,6111,4.4,6563,4.7,monthly,USD,kshah5@scu.edu
3/1/1999,3/31/1999,NULL,USA,unemp,5783,4.2,6119,4.4,monthly,USD,kshah5@scu.edu
4/1/1999,4/30/1999,NULL,USA,unemp,6004,4.3,5688,4.1,monthly,USD,kshah5@scu.edu
5/1/1999,5/31/1999,NULL,USA,unemp,5796,4.2,5507,4,monthly,USD,kshah5@scu.edu
6/1/1999,6/30/1999,NULL,USA,unemp,5951,4.3,6271,4.5,monthly,USD,kshah5@scu.edu
7/1/1999,7/31/1999,NULL,USA,unemp,6025,4.3,6319,4.5,monthly,USD,kshah5@scu.edu
8/1/1999,8/31/1999,NULL,USA,unemp,5838,4.2,5826,4.2,monthly,USD,kshah5@scu.edu
9/1/1999,9/30/1999,NULL,USA,unemp,5915,4.2,5661,4.1,monthly,USD,kshah5@scu.edu
10/1/1999,10/31/1999,NULL,USA,unemp,5778,4.1,5372,3.8,monthly,USD,kshah5@scu.edu
11/1/1999,11/30/1999,NULL,USA,unemp,5716,4.1,5380,3.8,monthly,USD,kshah5@scu.edu
12/1/1999,12/31/1999,NULL,USA,unemp,5653,4,5245,3.7,monthly,USD,kshah5@scu.edu
1/1/2000,1/31/2000,NULL,USA,unemp,5708,4,6316,4.5,monthly,USD,kshah5@scu.edu
2/1/2000,2/28/2000,NULL,USA,unemp,5858,4.1,6284,4.4,monthly,USD,kshah5@scu.edu
3/1/2000,3/31/2000,NULL,USA,unemp,5733,4,6069,4.3,monthly,USD,kshah5@scu.edu
4/1/2000,4/30/2000,NULL,USA,unemp,5481,3.8,5212,3.7,monthly,USD,kshah5@scu.edu
5/1/2000,5/31/2000,NULL,USA,unemp,5758,4,5460,3.8,monthly,USD,kshah5@scu.edu
6/1/2000,6/30/2000,NULL,USA,unemp,5651,4,5959,4.1,monthly,USD,kshah5@scu.edu
7/1/2000,7/31/2000,NULL,USA,unemp,5747,4,6028,4.2,monthly,USD,kshah5@scu.edu
8/1/2000,8/31/2000,NULL,USA,unemp,5853,4.1,5863,4.1,monthly,USD,kshah5@scu.edu
9/1/2000,9/30/2000,NULL,USA,unemp,5625,3.9,5359,3.8,monthly,USD,kshah5@scu.edu
10/1/2000,10/31/2000,NULL,USA,unemp,5534,3.9,5153,3.6,monthly,USD,kshah5@scu.edu
11/1/2000,11/30/2000,NULL,USA,unemp,5639,3.9,5336,3.7,monthly,USD,kshah5@scu.edu
12/1/2000,12/31/2000,NULL,USA,unemp,5634,3.9,5264,3.7,monthly,USD,kshah5@scu.edu
1/1/2001,1/31/2001,NULL,USA,unemp,6023,4.2,6647,4.7,monthly,USD,kshah5@scu.edu
2/1/2001,2/28/2001,NULL,USA,unemp,6089,4.2,6523,4.6,monthly,USD,kshah5@scu.edu
3/1/2001,3/31/2001,NULL,USA,unemp,6141,4.3,6509,4.5,monthly,USD,kshah5@scu.edu
4/1/2001,4/30/2001,NULL,USA,unemp,6271,4.4,6004,4.2,monthly,USD,kshah5@scu.edu
5/1/2001,5/31/2001,NULL,USA,unemp,6226,4.3,5901,4.1,monthly,USD,kshah5@scu.edu
6/1/2001,6/30/2001,NULL,USA,unemp,6484,4.5,6816,4.7,monthly,USD,kshah5@scu.edu
7/1/2001,7/31/2001,NULL,USA,unemp,6583,4.6,6858,4.7,monthly,USD,kshah5@scu.edu
8/1/2001,8/31/2001,NULL,USA,unemp,7042,4.9,7017,4.9,monthly,USD,kshah5@scu.edu
9/1/2001,9/30/2001,NULL,USA,unemp,7142,5,6766,4.7,monthly,USD,kshah5@scu.edu
10/1/2001,10/31/2001,NULL,USA,unemp,7694,5.3,7175,5,monthly,USD,kshah5@scu.edu
11/1/2001,11/30/2001,NULL,USA,unemp,8003,5.5,7617,5.3,monthly,USD,kshah5@scu.edu
12/1/2001,12/31/2001,NULL,USA,unemp,8258,5.7,7773,5.4,monthly,USD,kshah5@scu.edu
1/1/2002,1/31/2002,NULL,USA,unemp,8182,5.7,9051,6.3,monthly,USD,kshah5@scu.edu
2/1/2002,2/28/2002,NULL,USA,unemp,8215,5.7,8823,6.1,monthly,USD,kshah5@scu.edu
3/1/2002,3/31/2002,NULL,USA,unemp,8304,5.7,8776,6.1,monthly,USD,kshah5@scu.edu
4/1/2002,4/30/2002,NULL,USA,unemp,8599,5.9,8255,5.7,monthly,USD,kshah5@scu.edu
5/1/2002,5/31/2002,NULL,USA,unemp,8399,5.8,7969,5.5,monthly,USD,kshah5@scu.edu
6/1/2002,6/30/2002,NULL,USA,unemp,8393,5.8,8758,6,monthly,USD,kshah5@scu.edu
7/1/2002,7/31/2002,NULL,USA,unemp,8390,5.8,8693,5.9,monthly,USD,kshah5@scu.edu
8/1/2002,8/31/2002,NULL,USA,unemp,8304,5.7,8271,5.7,monthly,USD,kshah5@scu.edu
9/1/2002,9/30/2002,NULL,USA,unemp,8251,5.7,7790,5.4,monthly,USD,kshah5@scu.edu
10/1/2002,10/31/2002,NULL,USA,unemp,8307,5.7,7769,5.3,monthly,USD,kshah5@scu.edu
11/1/2002,11/30/2002,NULL,USA,unemp,8520,5.9,8170,5.6,monthly,USD,kshah5@scu.edu
12/1/2002,12/31/2002,NULL,USA,unemp,8640,6,8209,5.7,monthly,USD,kshah5@scu.edu
1/1/2003,1/31/2003,NULL,USA,unemp,8520,5.8,9395,6.5,monthly,USD,kshah5@scu.edu
2/1/2003,2/28/2003,NULL,USA,unemp,8618,5.9,9260,6.4,monthly,USD,kshah5@scu.edu
3/1/2003,3/31/2003,NULL,USA,unemp,8588,5.9,9018,6.2,monthly,USD,kshah5@scu.edu
4/1/2003,4/30/2003,NULL,USA,unemp,8842,6,8501,5.8,monthly,USD,kshah5@scu.edu
5/1/2003,5/31/2003,NULL,USA,unemp,8957,6.1,8500,5.8,monthly,USD,kshah5@scu.edu
6/1/2003,6/30/2003,NULL,USA,unemp,9266,6.3,9649,6.5,monthly,USD,kshah5@scu.edu
7/1/2003,7/31/2003,NULL,USA,unemp,9011,6.2,9319,6.3,monthly,USD,kshah5@scu.edu
8/1/2003,8/31/2003,NULL,USA,unemp,8896,6.1,8830,6,monthly,USD,kshah5@scu.edu
9/1/2003,9/30/2003,NULL,USA,unemp,8921,6.1,8436,5.8,monthly,USD,kshah5@scu.edu
10/1/2003,10/31/2003,NULL,USA,unemp,8732,6,8169,5.6,monthly,USD,kshah5@scu.edu
11/1/2003,11/30/2003,NULL,USA,unemp,8576,5.8,8269,5.6,monthly,USD,kshah5@scu.edu
12/1/2003,12/31/2003,NULL,USA,unemp,8317,5.7,7945,5.4,monthly,USD,kshah5@scu.edu
1/1/2004,1/31/2004,NULL,USA,unemp,8370,5.7,9144,6.3,monthly,USD,kshah5@scu.edu
2/1/2004,2/28/2004,NULL,USA,unemp,8167,5.6,8770,6,monthly,USD,kshah5@scu.edu
3/1/2004,3/31/2004,NULL,USA,unemp,8491,5.8,8834,6,monthly,USD,kshah5@scu.edu
4/1/2004,4/30/2004,NULL,USA,unemp,8170,5.6,7837,5.4,monthly,USD,kshah5@scu.edu
5/1/2004,5/31/2004,NULL,USA,unemp,8212,5.6,7792,5.3,monthly,USD,kshah5@scu.edu
6/1/2004,6/30/2004,NULL,USA,unemp,8286,5.6,8616,5.8,monthly,USD,kshah5@scu.edu
7/1/2004,7/31/2004,NULL,USA,unemp,8136,5.5,8518,5.7,monthly,USD,kshah5@scu.edu
8/1/2004,8/31/2004,NULL,USA,unemp,7990,5.4,7940,5.4,monthly,USD,kshah5@scu.edu
9/1/2004,9/30/2004,NULL,USA,unemp,7927,5.4,7545,5.1,monthly,USD,kshah5@scu.edu
10/1/2004,10/31/2004,NULL,USA,unemp,8061,5.5,7531,5.1,monthly,USD,kshah5@scu.edu
11/1/2004,11/30/2004,NULL,USA,unemp,7932,5.4,7665,5.2,monthly,USD,kshah5@scu.edu
12/1/2004,12/31/2004,NULL,USA,unemp,7934,5.4,7599,5.1,monthly,USD,kshah5@scu.edu
1/1/2005,1/31/2005,NULL,USA,unemp,7784,5.3,8444,5.7,monthly,USD,kshah5@scu.edu
2/1/2005,2/28/2005,NULL,USA,unemp,7980,5.4,8549,5.8,monthly,USD,kshah5@scu.edu
3/1/2005,3/31/2005,NULL,USA,unemp,7737,5.2,7986,5.4,monthly,USD,kshah5@scu.edu
4/1/2005,4/30/2005,NULL,USA,unemp,7672,5.2,7335,4.9,monthly,USD,kshah5@scu.edu
5/1/2005,5/31/2005,NULL,USA,unemp,7651,5.1,7287,4.9,monthly,USD,kshah5@scu.edu
6/1/2005,6/30/2005,NULL,USA,unemp,7524,5,7870,5.2,monthly,USD,kshah5@scu.edu
7/1/2005,7/31/2005,NULL,USA,unemp,7406,5,7839,5.2,monthly,USD,kshah5@scu.edu
8/1/2005,8/31/2005,NULL,USA,unemp,7345,4.9,7327,4.9,monthly,USD,kshah5@scu.edu
9/1/2005,9/30/2005,NULL,USA,unemp,7553,5,7259,4.8,monthly,USD,kshah5@scu.edu
10/1/2005,10/31/2005,NULL,USA,unemp,7453,5,6964,4.6,monthly,USD,kshah5@scu.edu
11/1/2005,11/30/2005,NULL,USA,unemp,7566,5,7271,4.8,monthly,USD,kshah5@scu.edu
12/1/2005,12/31/2005,NULL,USA,unemp,7279,4.9,6956,4.6,monthly,USD,kshah5@scu.edu
1/1/2006,1/31/2006,NULL,USA,unemp,7064,4.7,7608,5.1,monthly,USD,kshah5@scu.edu
2/1/2006,2/28/2006,NULL,USA,unemp,7184,4.8,7692,5.1,monthly,USD,kshah5@scu.edu
3/1/2006,3/31/2006,NULL,USA,unemp,7072,4.7,7255,4.8,monthly,USD,kshah5@scu.edu
4/1/2006,4/30/2006,NULL,USA,unemp,7120,4.7,6804,4.5,monthly,USD,kshah5@scu.edu
5/1/2006,5/31/2006,NULL,USA,unemp,6980,4.6,6655,4.4,monthly,USD,kshah5@scu.edu
6/1/2006,6/30/2006,NULL,USA,unemp,7001,4.6,7341,4.8,monthly,USD,kshah5@scu.edu
7/1/2006,7/31/2006,NULL,USA,unemp,7175,4.7,7602,5,monthly,USD,kshah5@scu.edu
8/1/2006,8/31/2006,NULL,USA,unemp,7091,4.7,7086,4.6,monthly,USD,kshah5@scu.edu
9/1/2006,9/30/2006,NULL,USA,unemp,6847,4.5,6625,4.4,monthly,USD,kshah5@scu.edu
10/1/2006,10/31/2006,NULL,USA,unemp,6727,4.4,6272,4.1,monthly,USD,kshah5@scu.edu
11/1/2006,11/30/2006,NULL,USA,unemp,6872,4.5,6576,4.3,monthly,USD,kshah5@scu.edu
12/1/2006,12/31/2006,NULL,USA,unemp,6762,4.4,6491,4.3,monthly,USD,kshah5@scu.edu
1/1/2007,1/31/2007,NULL,USA,unemp,7116,4.6,7649,5,monthly,USD,kshah5@scu.edu
2/1/2007,2/28/2007,NULL,USA,unemp,6927,4.5,7400,4.9,monthly,USD,kshah5@scu.edu
3/1/2007,3/31/2007,NULL,USA,unemp,6731,4.4,6913,4.5,monthly,USD,kshah5@scu.edu
4/1/2007,4/30/2007,NULL,USA,unemp,6850,4.5,6532,4.3,monthly,USD,kshah5@scu.edu
5/1/2007,5/31/2007,NULL,USA,unemp,6766,4.4,6486,4.3,monthly,USD,kshah5@scu.edu
6/1/2007,6/30/2007,NULL,USA,unemp,6979,4.6,7295,4.7,monthly,USD,kshah5@scu.edu
7/1/2007,7/31/2007,NULL,USA,unemp,7149,4.7,7556,4.9,monthly,USD,kshah5@scu.edu
8/1/2007,8/31/2007,NULL,USA,unemp,7067,4.6,7088,4.6,monthly,USD,kshah5@scu.edu
9/1/2007,9/30/2007,NULL,USA,unemp,7170,4.7,6952,4.5,monthly,USD,kshah5@scu.edu
10/1/2007,10/31/2007,NULL,USA,unemp,7237,4.7,6773,4.4,monthly,USD,kshah5@scu.edu
11/1/2007,11/30/2007,NULL,USA,unemp,7240,4.7,6917,4.5,monthly,USD,kshah5@scu.edu
12/1/2007,12/31/2007,NULL,USA,unemp,7645,5,7371,4.8,monthly,USD,kshah5@scu.edu
1/1/2008,1/31/2008,NULL,USA,unemp,7685,5,8221,5.4,monthly,USD,kshah5@scu.edu
2/1/2008,2/28/2008,NULL,USA,unemp,7497,4.9,7953,5.2,monthly,USD,kshah5@scu.edu
3/1/2008,3/31/2008,NULL,USA,unemp,7822,5.1,8027,5.2,monthly,USD,kshah5@scu.edu
4/1/2008,4/30/2008,NULL,USA,unemp,7637,5,7287,4.8,monthly,USD,kshah5@scu.edu
5/1/2008,5/31/2008,NULL,USA,unemp,8395,5.4,8076,5.2,monthly,USD,kshah5@scu.edu
6/1/2008,6/30/2008,NULL,USA,unemp,8575,5.6,8933,5.7,monthly,USD,kshah5@scu.edu
7/1/2008,7/31/2008,NULL,USA,unemp,8937,5.8,9433,6,monthly,USD,kshah5@scu.edu
8/1/2008,8/31/2008,NULL,USA,unemp,9438,6.1,9479,6.1,monthly,USD,kshah5@scu.edu
9/1/2008,9/30/2008,NULL,USA,unemp,9494,6.1,9199,6,monthly,USD,kshah5@scu.edu
10/1/2008,10/31/2008,NULL,USA,unemp,10074,6.5,9469,6.1,monthly,USD,kshah5@scu.edu
11/1/2008,11/30/2008,NULL,USA,unemp,10538,6.8,10015,6.5,monthly,USD,kshah5@scu.edu
12/1/2008,12/31/2008,NULL,USA,unemp,11286,7.3,10999,7.1,monthly,USD,kshah5@scu.edu
1/1/2009,1/31/2009,NULL,USA,unemp,12058,7.8,13009,8.5,monthly,USD,kshah5@scu.edu
2/1/2009,2/28/2009,NULL,USA,unemp,12898,8.3,13699,8.9,monthly,USD,kshah5@scu.edu
3/1/2009,3/31/2009,NULL,USA,unemp,13426,8.7,13895,9,monthly,USD,kshah5@scu.edu
4/1/2009,4/30/2009,NULL,USA,unemp,13853,9,13248,8.6,monthly,USD,kshah5@scu.edu
5/1/2009,5/31/2009,NULL,USA,unemp,14499,9.4,13973,9.1,monthly,USD,kshah5@scu.edu
6/1/2009,6/30/2009,NULL,USA,unemp,14707,9.5,15095,9.7,monthly,USD,kshah5@scu.edu
7/1/2009,7/31/2009,NULL,USA,unemp,14601,9.5,15201,9.7,monthly,USD,kshah5@scu.edu
8/1/2009,8/31/2009,NULL,USA,unemp,14814,9.6,14823,9.6,monthly,USD,kshah5@scu.edu
9/1/2009,9/30/2009,NULL,USA,unemp,15009,9.8,14538,9.5,monthly,USD,kshah5@scu.edu
10/1/2009,10/31/2009,NULL,USA,unemp,15352,10,14547,9.5,monthly,USD,kshah5@scu.edu
11/1/2009,11/30/2009,NULL,USA,unemp,15219,9.9,14407,9.4,monthly,USD,kshah5@scu.edu
12/1/2009,12/31/2009,NULL,USA,unemp,15098,9.9,14740,9.7,monthly,USD,kshah5@scu.edu
1/1/2010,1/31/2010,NULL,USA,unemp,15046,9.8,16147,10.6,monthly,USD,kshah5@scu.edu
2/1/2010,2/28/2010,NULL,USA,unemp,15113,9.8,15991,10.4,monthly,USD,kshah5@scu.edu
3/1/2010,3/31/2010,NULL,USA,unemp,15202,9.9,15678,10.2,monthly,USD,kshah5@scu.edu
4/1/2010,4/30/2010,NULL,USA,unemp,15325,9.9,14609,9.5,monthly,USD,kshah5@scu.edu
5/1/2010,5/31/2010,NULL,USA,unemp,14849,9.6,14369,9.3,monthly,USD,kshah5@scu.edu
6/1/2010,6/30/2010,NULL,USA,unemp,14474,9.4,14885,9.6,monthly,USD,kshah5@scu.edu
7/1/2010,7/31/2010,NULL,USA,unemp,14512,9.4,15137,9.7,monthly,USD,kshah5@scu.edu
8/1/2010,8/31/2010,NULL,USA,unemp,14648,9.5,14759,9.5,monthly,USD,kshah5@scu.edu
9/1/2010,9/30/2010,NULL,USA,unemp,14579,9.5,14140,9.2,monthly,USD,kshah5@scu.edu
10/1/2010,10/31/2010,NULL,USA,unemp,14516,9.4,13903,9,monthly,USD,kshah5@scu.edu
11/1/2010,11/30/2010,NULL,USA,unemp,15081,9.8,14282,9.3,monthly,USD,kshah5@scu.edu
12/1/2010,12/31/2010,NULL,USA,unemp,14348,9.3,13997,9.1,monthly,USD,kshah5@scu.edu
1/1/2011,1/31/2011,NULL,USA,unemp,14013,9.1,14937,9.8,monthly,USD,kshah5@scu.edu
2/1/2011,2/28/2011,NULL,USA,unemp,13820,9,14542,9.5,monthly,USD,kshah5@scu.edu
3/1/2011,3/31/2011,NULL,USA,unemp,13737,9,14060,9.2,monthly,USD,kshah5@scu.edu
4/1/2011,4/30/2011,NULL,USA,unemp,13957,9.1,13237,8.7,monthly,USD,kshah5@scu.edu
5/1/2011,5/31/2011,NULL,USA,unemp,13855,9,13421,8.7,monthly,USD,kshah5@scu.edu
6/1/2011,6/30/2011,NULL,USA,unemp,13962,9.1,14409,9.3,monthly,USD,kshah5@scu.edu
7/1/2011,7/31/2011,NULL,USA,unemp,13763,9,14428,9.3,monthly,USD,kshah5@scu.edu
8/1/2011,8/31/2011,NULL,USA,unemp,13818,9,14008,9.1,monthly,USD,kshah5@scu.edu
9/1/2011,9/30/2011,NULL,USA,unemp,13948,9,13520,8.8,monthly,USD,kshah5@scu.edu
10/1/2011,10/31/2011,NULL,USA,unemp,13594,8.8,13102,8.5,monthly,USD,kshah5@scu.edu
11/1/2011,11/30/2011,NULL,USA,unemp,13302,8.6,12613,8.2,monthly,USD,kshah5@scu.edu
12/1/2011,12/31/2011,NULL,USA,unemp,13093,8.5,12692,8.3,monthly,USD,kshah5@scu.edu
1/1/2012,1/31/2012,NULL,USA,unemp,12797,8.3,13541,8.8,monthly,USD,kshah5@scu.edu
2/1/2012,2/28/2012,NULL,USA,unemp,12813,8.3,13430,8.7,monthly,USD,kshah5@scu.edu
3/1/2012,3/31/2012,NULL,USA,unemp,12713,8.2,12904,8.4,monthly,USD,kshah5@scu.edu
4/1/2012,4/30/2012,NULL,USA,unemp,12646,8.2,11910,7.7,monthly,USD,kshah5@scu.edu
5/1/2012,5/31/2012,NULL,USA,unemp,12660,8.2,12271,7.9,monthly,USD,kshah5@scu.edu
6/1/2012,6/30/2012,NULL,USA,unemp,12692,8.2,13184,8.4,monthly,USD,kshah5@scu.edu
7/1/2012,7/31/2012,NULL,USA,unemp,12656,8.2,13400,8.6,monthly,USD,kshah5@scu.edu
8/1/2012,8/31/2012,NULL,USA,unemp,12471,8.1,12696,8.2,monthly,USD,kshah5@scu.edu
9/1/2012,9/30/2012,NULL,USA,unemp,12115,7.8,11742,7.6,monthly,USD,kshah5@scu.edu
10/1/2012,10/31/2012,NULL,USA,unemp,12124,7.8,11741,7.5,monthly,USD,kshah5@scu.edu
11/1/2012,11/30/2012,NULL,USA,unemp,12005,7.7,11404,7.4,monthly,USD,kshah5@scu.edu
12/1/2012,12/31/2012,NULL,USA,unemp,12298,7.9,11844,7.6,monthly,USD,kshah5@scu.edu
1/1/2013,1/31/2013,NULL,USA,unemp,12471,8,13181,8.5,monthly,USD,kshah5@scu.edu
2/1/2013,2/28/2013,NULL,USA,unemp,11950,7.7,12500,8.1,monthly,USD,kshah5@scu.edu
3/1/2013,3/31/2013,NULL,USA,unemp,11689,7.5,11815,7.6,monthly,USD,kshah5@scu.edu
4/1/2013,4/30/2013,NULL,USA,unemp,11760,7.6,11014,7.1,monthly,USD,kshah5@scu.edu
5/1/2013,5/31/2013,NULL,USA,unemp,11654,7.5,11302,7.3,monthly,USD,kshah5@scu.edu
6/1/2013,6/30/2013,NULL,USA,unemp,11751,7.5,12248,7.8,monthly,USD,kshah5@scu.edu
7/1/2013,7/31/2013,NULL,USA,unemp,11335,7.3,12083,7.7,monthly,USD,kshah5@scu.edu
8/1/2013,8/31/2013,NULL,USA,unemp,11279,7.2,11462,7.3,monthly,USD,kshah5@scu.edu
9/1/2013,9/30/2013,NULL,USA,unemp,11270,7.2,10885,7,monthly,USD,kshah5@scu.edu
10/1/2013,10/31/2013,NULL,USA,unemp,11136,7.2,10773,7,monthly,USD,kshah5@scu.edu
11/1/2013,11/30/2013,NULL,USA,unemp,10787,6.9,10271,6.6,monthly,USD,kshah5@scu.edu
12/1/2013,12/31/2013,NULL,USA,unemp,10404,6.7,9984,6.5,monthly,USD,kshah5@scu.edu
1/1/2014,1/31/2014,NULL,USA,unemp,10202,6.6,10855,7,monthly,USD,kshah5@scu.edu
2/1/2014,2/28/2014,NULL,USA,unemp,10349,6.7,10893,7,monthly,USD,kshah5@scu.edu
3/1/2014,3/31/2014,NULL,USA,unemp,10380,6.7,10537,6.8,monthly,USD,kshah5@scu.edu
4/1/2014,4/30/2014,NULL,USA,unemp,9702,6.2,9079,5.9,monthly,USD,kshah5@scu.edu
5/1/2014,5/31/2014,NULL,USA,unemp,9859,6.3,9443,6.1,monthly,USD,kshah5@scu.edu
6/1/2014,6/30/2014,NULL,USA,unemp,9460,6.1,9893,6.3,monthly,USD,kshah5@scu.edu
7/1/2014,7/31/2014,NULL,USA,unemp,9608,6.2,10307,6.5,monthly,USD,kshah5@scu.edu
8/1/2014,8/31/2014,NULL,USA,unemp,9599,6.1,9787,6.3,monthly,USD,kshah5@scu.edu
9/1/2014,9/30/2014,NULL,USA,unemp,9262,5.9,8962,5.7,monthly,USD,kshah5@scu.edu
10/1/2014,10/31/2014,NULL,USA,unemp,8990,5.7,8680,5.5,monthly,USD,kshah5@scu.edu
11/1/2014,11/30/2014,NULL,USA,unemp,9090,5.8,8630,5.5,monthly,USD,kshah5@scu.edu
12/1/2014,12/31/2014,NULL,USA,unemp,8717,5.6,8331,5.4,monthly,USD,kshah5@scu.edu
1/1/2015,1/31/2015,NULL,USA,unemp,8885,5.7,9498,6.1,monthly,USD,kshah5@scu.edu
2/1/2015,2/28/2015,NULL,USA,unemp,8599,5.5,9095,5.8,monthly,USD,kshah5@scu.edu
3/1/2015,3/31/2015,NULL,USA,unemp,8515,5.4,8682,5.6,monthly,USD,kshah5@scu.edu
4/1/2015,4/30/2015,NULL,USA,unemp,8550,5.4,7966,5.1,monthly,USD,kshah5@scu.edu
5/1/2015,5/31/2015,NULL,USA,unemp,8834,5.6,8370,5.3,monthly,USD,kshah5@scu.edu
6/1/2015,6/30/2015,NULL,USA,unemp,8247,5.3,8638,5.5,monthly,USD,kshah5@scu.edu
7/1/2015,7/31/2015,NULL,USA,unemp,8167,5.2,8805,5.6,monthly,USD,kshah5@scu.edu
8/1/2015,8/31/2015,NULL,USA,unemp,7992,5.1,8162,5.2,monthly,USD,kshah5@scu.edu
9/1/2015,9/30/2015,NULL,USA,unemp,7907,5,7628,4.9,monthly,USD,kshah5@scu.edu
10/1/2015,10/31/2015,NULL,USA,unemp,7922,5,7597,4.8,monthly,USD,kshah5@scu.edu
11/1/2015,11/30/2015,NULL,USA,unemp,8000,5.1,7573,4.8,monthly,USD,kshah5@scu.edu
12/1/2015,12/31/2015,NULL,USA,unemp,7907,5,7542,4.8,monthly,USD,kshah5@scu.edu
1/1/2016,1/31/2016,NULL,USA,unemp,7721,4.9,8309,5.3,monthly,USD,kshah5@scu.edu
2/1/2016,2/28/2016,NULL,USA,unemp,7746,4.9,8219,5.2,monthly,USD,kshah5@scu.edu
3/1/2016,3/31/2016,NULL,USA,unemp,7945,5,8116,5.1,monthly,USD,kshah5@scu.edu
4/1/2016,4/30/2016,NULL,USA,unemp,7975,5,7413,4.7,monthly,USD,kshah5@scu.edu
5/1/2016,5/31/2016,NULL,USA,unemp,7668,4.8,7207,4.5,monthly,USD,kshah5@scu.edu
6/1/2016,6/30/2016,NULL,USA,unemp,7786,4.9,8144,5.1,monthly,USD,kshah5@scu.edu
7/1/2016,7/31/2016,NULL,USA,unemp,7658,4.8,8267,5.1,monthly,USD,kshah5@scu.edu
8/1/2016,8/31/2016,NULL,USA,unemp,7809,4.9,7996,5,monthly,USD,kshah5@scu.edu
9/1/2016,9/30/2016,NULL,USA,unemp,7967,5,7658,4.8,monthly,USD,kshah5@scu.edu
10/1/2016,10/31/2016,NULL,USA,unemp,7827,4.9,7447,4.7,monthly,USD,kshah5@scu.edu
11/1/2016,11/30/2016,NULL,USA,unemp,7488,4.7,7066,4.4,monthly,USD,kshah5@scu.edu
12/1/2016,12/31/2016,NULL,USA,unemp,7495,4.7,7170,4.5,monthly,USD,kshah5@scu.edu
1/1/2017,1/31/2017,NULL,USA,unemp,7518,4.7,8149,5.1,monthly,USD,kshah5@scu.edu
2/1/2017,2/28/2017,NULL,USA,unemp,7399,4.6,7887,4.9,monthly,USD,kshah5@scu.edu
3/1/2017,3/31/2017,NULL,USA,unemp,7088,4.4,7284,4.6,monthly,USD,kshah5@scu.edu
4/1/2017,4/30/2017,NULL,USA,unemp,7085,4.4,6555,4.1,monthly,USD,kshah5@scu.edu
5/1/2017,5/31/2017,NULL,USA,unemp,7059,4.4,6572,4.1,monthly,USD,kshah5@scu.edu
6/1/2017,6/30/2017,NULL,USA,unemp,6933,4.3,7250,4.5,monthly,USD,kshah5@scu.edu
7/1/2017,7/31/2017,NULL,USA,unemp,6867,4.3,7441,4.6,monthly,USD,kshah5@scu.edu
8/1/2017,8/31/2017,NULL,USA,unemp,7097,4.4,7287,4.5,monthly,USD,kshah5@scu.edu
9/1/2017,9/30/2017,NULL,USA,unemp,6841,4.2,6556,4.1,monthly,USD,kshah5@scu.edu
10/1/2017,10/31/2017,NULL,USA,unemp,6599,4.1,6242,3.9,monthly,USD,kshah5@scu.edu
11/1/2017,11/30/2017,NULL,USA,unemp,6697,4.2,6286,3.9,monthly,USD,kshah5@scu.edu
12/1/2017,12/31/2017,NULL,USA,unemp,6561,4.1,6278,3.9,monthly,USD,kshah5@scu.edu
1/1/2018,1/31/2018,NULL,USA,unemp,6582,4.1,7189,4.5,monthly,USD,kshah5@scu.edu
2/1/2018,2/28/2018,NULL,USA,unemp,6641,4.1,7091,4.4,monthly,USD,kshah5@scu.edu
3/1/2018,3/31/2018,NULL,USA,unemp,6493,4,6671,4.1,monthly,USD,kshah5@scu.edu
4/1/2018,4/30/2018,NULL,USA,unemp,6418,4,5932,3.7,monthly,USD,kshah5@scu.edu
5/1/2018,5/31/2018,NULL,USA,unemp,6209,3.8,5756,3.6,monthly,USD,kshah5@scu.edu
6/1/2018,6/30/2018,NULL,USA,unemp,6519,4,6812,4.2,monthly,USD,kshah5@scu.edu
7/1/2018,7/31/2018,NULL,USA,unemp,6180,3.8,6730,4.1,monthly,USD,kshah5@scu.edu
8/1/2018,8/31/2018,NULL,USA,unemp,6167,3.8,6370,3.9,monthly,USD,kshah5@scu.edu
9/1/2018,9/30/2018,NULL,USA,unemp,6045,3.7,5766,3.6,monthly,USD,kshah5@scu.edu
10/1/2018,10/31/2018,NULL,USA,unemp,6123,3.8,5771,3.5,monthly,USD,kshah5@scu.edu
11/1/2018,11/30/2018,NULL,USA,unemp,6034,3.7,5650,3.5,monthly,USD,kshah5@scu.edu
12/1/2018,12/31/2018,NULL,USA,unemp,6286,3.9,6029,3.7,monthly,USD,kshah5@scu.edu
1/1/2019,1/31/2019,NULL,USA,unemp,6516,4,7140,4.4,monthly,USD,kshah5@scu.edu
2/1/2019,2/28/2019,NULL,USA,unemp,6181,3.8,6625,4.1,monthly,USD,kshah5@scu.edu
3/1/2019,3/31/2019,NULL,USA,unemp,6194,3.8,6382,3.9,monthly,USD,kshah5@scu.edu
4/1/2019,4/30/2019,NULL,USA,unemp,5850,3.6,5387,3.3,monthly,USD,kshah5@scu.edu
5/1/2019,5/31/2019,NULL,USA,unemp,5938,3.6,5503,3.4,monthly,USD,kshah5@scu.edu
6/1/2019,6/30/2019,NULL,USA,unemp,5985,3.7,6292,3.8,monthly,USD,kshah5@scu.edu
7/1/2019,7/31/2019,NULL,USA,unemp,6027,3.7,6556,4,monthly,USD,kshah5@scu.edu
8/1/2019,8/31/2019,NULL,USA,unemp,5999,3.7,6203,3.8,monthly,USD,kshah5@scu.edu
9/1/2019,9/30/2019,NULL,USA,unemp,5753,3.5,5465,3.3,monthly,USD,kshah5@scu.edu
10/1/2019,10/31/2019,NULL,USA,unemp,5857,3.6,5510,3.3,monthly,USD,kshah5@scu.edu
11/1/2019,11/30/2019,NULL,USA,unemp,5811,3.5,5441,3.3,monthly,USD,kshah5@scu.edu
12/1/2019,12/31/2019,NULL,USA,unemp,5753,3.5,5503,3.4,monthly,USD,kshah5@scu.edu
1/1/2020,1/31/2020,NULL,USA,unemp,5892,3.6,6504,4,monthly,USD,kshah5@scu.edu
2/1/2020,2/28/2020,NULL,USA,unemp,5787,3.5,6218,3.8,monthly,USD,kshah5@scu.edu
3/1/2020,3/31/2020,NULL,USA,unemp,7140,4.4,7370,4.5,monthly,USD,kshah5@scu.edu
4/1/2020,4/30/2020,NULL,USA,unemp,23078,14.7,22504,14.4,monthly,USD,kshah5@scu.edu
